[  0%] Generating amd_l_valid.c
[  0%] Building C object matc/src/CMakeFiles/matc.dir/c3d.c.o
[  0%] Built target umfpack_srcs
[  0%] Building Fortran object umfpack/src/amd/CMakeFiles/amdf77.dir/amd.f.o
[  0%] Generating amd_i_1.c
[  0%] Building Fortran object fhutiter/src/CMakeFiles/fhuti.dir/huti_aux.F90.o
[  0%] Generating amd_i_2.c
[  0%] Generating amd_i_aat.c
[  0%] Generating amd_i_control.c
[  0%] Generating amd_i_defaults.c
[  0%] Generating amd_i_dump.c
[  0%] Generating amd_i_info.c
[  1%] Generating amd_i_order.c
[  1%] Generating amd_i_post_tree.c
[  1%] Building Fortran object fhutiter/src/CMakeFiles/fhuti.dir/huti_interfaces.F90.o
[  1%] Building C object matc/src/CMakeFiles/matc.dir/clip.c.o
[  1%] Generating amd_i_postorder.c
[  1%] Generating amd_i_preprocess.c
[  1%] Building Fortran object umfpack/src/amd/CMakeFiles/amdf77.dir/amdbar.f.o
[  1%] Building Fortran object fhutiter/src/CMakeFiles/fhuti.dir/huti_bicgstab.F90.o
[  1%] Generating amd_i_valid.c
[  1%] Generating amd_l_1.c
[  1%] Building C object matc/src/CMakeFiles/matc.dir/dri_ps.c.o
[  1%] Generating amd_l_2.c
[  1%] Generating amd_l_aat.c
[  1%] Generating amd_l_control.c
[  1%] Generating amd_l_defaults.c
[  1%] Generating amd_l_dump.c
[  2%] Generating amd_l_info.c
[  2%] Building C object matc/src/CMakeFiles/matc.dir/eig.c.o
[  2%] Generating amd_l_order.c
[  2%] Generating amd_l_post_tree.c
[  3%] Linking Fortran static library libamdf77.a
[  3%] Generating amd_l_postorder.c
[  3%] Generating amd_l_preprocess.c
[  3%] Built target amdf77
[  4%] Building C object matc/src/CMakeFiles/matc.dir/error.c.o
[  4%] Building C object umfpack/src/amd/CMakeFiles/amd.dir/amd_i_aat.c.o
[  4%] Building C object matc/src/CMakeFiles/matc.dir/eval.c.o
[  4%] Building C object umfpack/src/amd/CMakeFiles/amd.dir/amd_i_1.c.o
[  4%] Building C object umfpack/src/amd/CMakeFiles/amd.dir/amd_i_2.c.o
[  4%] Building CXX object meshgen2d/src/CMakeFiles/Mesh2D.dir/BGGridMesh.cpp.o
[  4%] Building Fortran object fhutiter/src/CMakeFiles/fhuti.dir/huti_bicgstab_2.F90.o
In file included from /usr/riscv64-linux-gnu/include/stdio.h:980,
                 from /home/acer/risc-v-hpc/ports/elmer/matc/src/elmer/matc.h:31,
                 from /home/acer/risc-v-hpc/ports/elmer/matc/src/eval.c:91:
In function ‘fgets’,
    inlined from ‘evalclause’ at /home/acer/risc-v-hpc/ports/elmer/matc/src/eval.c:457:19:
/usr/riscv64-linux-gnu/include/bits/stdio2.h:202:12: warning: call to ‘__fgets_chk_warn’ declared with attribute warning: fgets called with bigger size than length of destination buffer [-Wattribute-warning]
  202 |     return __fgets_chk_warn (__s, sz, __n, __stream);
      |            ^~~~~~~~~~~~~~~~~~~~~~~~~~~~~~~~~~~~~~~~~
[  4%] Building C object matc/src/CMakeFiles/matc.dir/files.c.o
[  4%] Building C object matc/src/CMakeFiles/matc.dir/funcs.c.o
[  4%] Building C object umfpack/src/amd/CMakeFiles/amd.dir/amd_i_dump.c.o
[  4%] Building C object umfpack/src/amd/CMakeFiles/amd.dir/amd_i_postorder.c.o
[  4%] Building C object umfpack/src/amd/CMakeFiles/amd.dir/amd_i_post_tree.c.o
[  4%] Building C object matc/src/CMakeFiles/matc.dir/gra.c.o
[  4%] Building C object umfpack/src/amd/CMakeFiles/amd.dir/amd_i_defaults.c.o
[  4%] Building C object umfpack/src/amd/CMakeFiles/amd.dir/amd_i_order.c.o
[  4%] Building C object umfpack/src/amd/CMakeFiles/amd.dir/amd_i_control.c.o
[  4%] Building C object umfpack/src/amd/CMakeFiles/amd.dir/amd_i_info.c.o
[  4%] Building C object matc/src/CMakeFiles/matc.dir/gra_com.c.o
[  4%] Building C object umfpack/src/amd/CMakeFiles/amd.dir/amd_i_valid.c.o
[  4%] Building C object umfpack/src/amd/CMakeFiles/amd.dir/amd_i_preprocess.c.o
[  4%] Building C object matc/src/CMakeFiles/matc.dir/jacobi.c.o
/home/acer/risc-v-hpc/ports/elmer/matc/src/jacobi.c: In function ‘mtr_jacob’:
/home/acer/risc-v-hpc/ports/elmer/matc/src/jacobi.c:85:3: warning: implicit declaration of function ‘matc_jacobi’; did you mean ‘mtr_jacob’? [-Wimplicit-function-declaration]
   85 |   matc_jacobi(MATR(a), b, MATR(x), MATR(ev), d, n, rtol);
      |   ^~~~~~~~~~~
      |   mtr_jacob
[  5%] Building C object umfpack/src/amd/CMakeFiles/amd.dir/amd_l_aat.c.o
[  5%] Building C object umfpack/src/amd/CMakeFiles/amd.dir/amd_l_1.c.o
[  5%] Building C object umfpack/src/amd/CMakeFiles/amd.dir/amd_l_2.c.o
[  5%] Building C object matc/src/CMakeFiles/matc.dir/lists.c.o
[  5%] Building Fortran object fhutiter/src/CMakeFiles/fhuti.dir/huti_cg.F90.o
[  5%] Building C object matc/src/CMakeFiles/matc.dir/lu.c.o
[  5%] Building CXX object meshgen2d/src/CMakeFiles/Mesh2D.dir/BGTriangleMesh.cpp.o
[  5%] Building C object matc/src/CMakeFiles/matc.dir/matc.c.o
/home/acer/risc-v-hpc/ports/elmer/matc/src/matc.c: In function ‘dogets’:
/home/acer/risc-v-hpc/ports/elmer/matc/src/matc.c:431:8: warning: implicit declaration of function ‘isatty’ [-Wimplicit-function-declaration]
  431 |    if (isatty(fileno(math_in)) && isatty(fileno(math_out)))
      |        ^~~~~~
[  5%] Building C object umfpack/src/amd/CMakeFiles/amd.dir/amd_l_dump.c.o
[  5%] Building C object umfpack/src/amd/CMakeFiles/amd.dir/amd_l_postorder.c.o
[  5%] Building C object umfpack/src/amd/CMakeFiles/amd.dir/amd_l_post_tree.c.o
[  5%] Building Fortran object fhutiter/src/CMakeFiles/fhuti.dir/huti_cgs.F90.o
[  5%] Building C object umfpack/src/amd/CMakeFiles/amd.dir/amd_l_defaults.c.o
[  5%] Building C object umfpack/src/amd/CMakeFiles/amd.dir/amd_l_order.c.o
[  5%] Building C object matc/src/CMakeFiles/matc.dir/matrix.c.o
[  5%] Building C object umfpack/src/amd/CMakeFiles/amd.dir/amd_l_control.c.o
/home/acer/risc-v-hpc/ports/elmer/matc/src/matrix.c: In function ‘mtr_rand’:
/home/acer/risc-v-hpc/ports/elmer/matc/src/matrix.c:200:25: warning: implicit declaration of function ‘time’ [-Wimplicit-function-declaration]
  200 |   if (seed == 0) seed = time(NULL);
      |                         ^~~~
/home/acer/risc-v-hpc/ports/elmer/matc/src/matrix.c:83:1: note: ‘time’ is defined in header ‘<time.h>’; did you forget to ‘#include <time.h>’?
   82 | #include "elmer/matc.h"
  +++ |+#include <time.h>
   83 | 
[  5%] Building C object umfpack/src/amd/CMakeFiles/amd.dir/amd_l_info.c.o
[  5%] Building C object umfpack/src/amd/CMakeFiles/amd.dir/amd_l_valid.c.o
[  5%] Building C object umfpack/src/amd/CMakeFiles/amd.dir/amd_l_preprocess.c.o
[  5%] Building C object matc/src/CMakeFiles/matc.dir/oper.c.o
/home/acer/risc-v-hpc/ports/elmer/meshgen2d/src/BGTriangleMesh.cpp: In member function ‘virtual void BGTriangleMesh::initialize(std::vector<GeometryNode*>&, std::vector<GeometryEdge*>&)’:
/home/acer/risc-v-hpc/ports/elmer/meshgen2d/src/BGTriangleMesh.cpp:33:28: warning: ‘void std::random_shuffle(_RAIter, _RAIter) [with _RAIter = int*]’ is deprecated: use 'std::shuffle' instead [-Wdeprecated-declarations]
   33 |         std::random_shuffle(indirect, indirect + len);
      |         ~~~~~~~~~~~~~~~~~~~^~~~~~~~~~~~~~~~~~~~~~~~~~
In file included from /usr/riscv64-linux-gnu/include/c++/13/algorithm:61,
                 from /home/acer/risc-v-hpc/ports/elmer/meshgen2d/src/include/GeometryNode.h:5,
                 from /home/acer/risc-v-hpc/ports/elmer/meshgen2d/src/include/Layer.h:8,
                 from /home/acer/risc-v-hpc/ports/elmer/meshgen2d/src/include/Connect.h:4,
                 from /home/acer/risc-v-hpc/ports/elmer/meshgen2d/src/include/BGMesh.h:4,
                 from /home/acer/risc-v-hpc/ports/elmer/meshgen2d/src/BGTriangleMesh.cpp:1:
/usr/riscv64-linux-gnu/include/c++/13/bits/stl_algo.h:4581:5: note: declared here
 4581 |     random_shuffle(_RandomAccessIterator __first, _RandomAccessIterator __last)
      |     ^~~~~~~~~~~~~~
[  5%] Linking C static library libamd.a
[  5%] Built target amd
[  5%] Building Fortran object fhutiter/src/CMakeFiles/fhuti.dir/huti_gmres.F90.o
[  5%] Building Fortran object fhutiter/src/CMakeFiles/fhuti.dir/huti_qmr.F90.o
[  5%] Building C object matc/src/CMakeFiles/matc.dir/optim.c.o
[  6%] Building CXX object meshgen2d/src/CMakeFiles/Mesh2D.dir/BGVertex.cpp.o
[  6%] Building C object matc/src/CMakeFiles/matc.dir/parser.c.o
[  6%] Building C object matc/src/CMakeFiles/matc.dir/str.c.o
/home/acer/risc-v-hpc/ports/elmer/matc/src/str.c: In function ‘str_sprintf’:
/home/acer/risc-v-hpc/ports/elmer/matc/src/str.c:85:5: warning: format not a string literal and no format arguments [-Wformat-security]
   85 |     sprintf(str_pstr, fmt);
      |     ^~~~~~~
[  6%] Building CXX object meshgen2d/src/CMakeFiles/Mesh2D.dir/Body.cpp.o
[  7%] Building C object matc/src/CMakeFiles/matc.dir/urand.c.o
[  7%] Building C object matc/src/CMakeFiles/matc.dir/variable.c.o
[  7%] Building Fortran object fhutiter/src/CMakeFiles/fhuti.dir/huti_tfqmr.F90.o
[  7%] Linking C shared library libmatc.so
[  7%] Building Fortran object fem/src/CMakeFiles/mpi_stubs.dir/mpif_stubs.F90.o
[  7%] Linking Fortran shared library libmpi_stubs.so
[  7%] Building CXX object meshgen2d/src/CMakeFiles/Mesh2D.dir/BoundaryElement.cpp.o
[  7%] Built target matc
[  7%] Building Fortran object mathlibs/src/arpack/CMakeFiles/arpack.dir/cgetv0.f.o
[  7%] Building Fortran object mathlibs/src/arpack/CMakeFiles/arpack.dir/cnaitr.f.o
/home/acer/risc-v-hpc/ports/elmer/mathlibs/src/arpack/cnaitr.f:666:35:

  383 |             call svout (logfil, 1, rnorm, ndigit,
      |                                   2
......
  666 |             call svout (logfil, 2, rtemp, ndigit,
      |                                   1
Warning: Rank mismatch between actual argument at (1) and actual argument at (2) (scalar and rank-1)
/home/acer/risc-v-hpc/ports/elmer/mathlibs/src/arpack/cnaitr.f:737:39:

  383 |             call svout (logfil, 1, rnorm, ndigit,
      |                                   2    
......
  737 |                 call svout (logfil, 2, rtemp, ndigit,
      |                                       1
Warning: Rank mismatch between actual argument at (1) and actual argument at (2) (scalar and rank-1)
[  7%] Built target mpi_stubs
[  7%] Building Fortran object mathlibs/src/arpack/CMakeFiles/arpack.dir/cnapps.f.o
[  7%] Building Fortran object mathlibs/src/arpack/CMakeFiles/arpack.dir/cnaup2.f.o
/home/acer/risc-v-hpc/ports/elmer/mathlibs/src/arpack/cnaup2.f:502:35:

  391 |             call ivout (logfil, 1, iter, ndigit,
      |                                   2
......
  502 |             call ivout (logfil, 3, kp, ndigit,
      |                                   1
Warning: Rank mismatch between actual argument at (1) and actual argument at (2) (scalar and rank-1)
/home/acer/risc-v-hpc/ports/elmer/mathlibs/src/arpack/cnaup2.f:665:38:

  391 |             call ivout (logfil, 1, iter, ndigit,
      |                                   2   
......
  665 |                call ivout (logfil, 2, kp, ndigit,
      |                                      1
Warning: Rank mismatch between actual argument at (1) and actual argument at (2) (scalar and rank-1)
[  7%] Building CXX object meshgen2d/src/CMakeFiles/Mesh2D.dir/BoundaryLayer.cpp.o
[  7%] Building Fortran object mathlibs/src/arpack/CMakeFiles/arpack.dir/cnaupd.f.o
[  7%] Building Fortran object fem/src/binio/CMakeFiles/binio.dir/kinds.f90.o
[  7%] Building C object fem/src/binio/CMakeFiles/binio.dir/binio.c.o
[  7%] Building Fortran object mathlibs/src/arpack/CMakeFiles/arpack.dir/cneigh.f.o
[  7%] Building Fortran object mathlibs/src/arpack/CMakeFiles/arpack.dir/cneupd.f.o
[  7%] Building Fortran object fem/src/binio/CMakeFiles/binio.dir/biniomod.f90.o
[  7%] Linking Fortran static library libbinio.a
[  7%] Built target binio
[  7%] Building CXX object meshgen2d/src/CMakeFiles/Mesh2D.dir/Connect.cpp.o
[  7%] Building Fortran object mathlibs/src/arpack/CMakeFiles/arpack.dir/cngets.f.o
[  7%] Building Fortran object mathlibs/src/arpack/CMakeFiles/arpack.dir/csortc.f.o
[  7%] Building Fortran object fhutiter/src/CMakeFiles/fhuti.dir/huti_sfe.F90.o
[  7%] Building Fortran object mathlibs/src/arpack/CMakeFiles/arpack.dir/cstatn.f.o
[  7%] Building Fortran object mathlibs/src/arpack/CMakeFiles/arpack.dir/dgetv0.f.o
/home/acer/risc-v-hpc/ports/elmer/mathlibs/src/arpack/dgetv0.f:404:32:

  367 |           call dvout (logfil, 1, rnorm0, ndigit,
      |                                 2
......
  404 |          call dvout (logfil, n, resid, ndigit,
      |                                1
Warning: Rank mismatch between actual argument at (1) and actual argument at (2) (scalar and rank-1)
[  7%] Building Fortran object mathlibs/src/arpack/CMakeFiles/arpack.dir/dlaqrb.f.o
[  8%] Linking Fortran shared library libfhuti.so
[  8%] Building Fortran object mathlibs/src/arpack/CMakeFiles/arpack.dir/dnaitr.f.o
/home/acer/risc-v-hpc/ports/elmer/meshgen2d/src/Connect.cpp: In member function ‘void Connect::triangulate()’:
/home/acer/risc-v-hpc/ports/elmer/meshgen2d/src/Connect.cpp:107:28: warning: ‘void std::random_shuffle(_RAIter, _RAIter) [with _RAIter = int*]’ is deprecated: use 'std::shuffle' instead [-Wdeprecated-declarations]
  107 |         std::random_shuffle(indirect, indirect + len);
      |         ~~~~~~~~~~~~~~~~~~~^~~~~~~~~~~~~~~~~~~~~~~~~~
In file included from /usr/riscv64-linux-gnu/include/c++/13/algorithm:61,
                 from /home/acer/risc-v-hpc/ports/elmer/meshgen2d/src/include/GeometryNode.h:5,
                 from /home/acer/risc-v-hpc/ports/elmer/meshgen2d/src/include/Layer.h:8,
                 from /home/acer/risc-v-hpc/ports/elmer/meshgen2d/src/include/Connect.h:4,
                 from /home/acer/risc-v-hpc/ports/elmer/meshgen2d/src/Connect.cpp:1:
/usr/riscv64-linux-gnu/include/c++/13/bits/stl_algo.h:4581:5: note: declared here
 4581 |     random_shuffle(_RandomAccessIterator __first, _RandomAccessIterator __last)
      |     ^~~~~~~~~~~~~~
/home/acer/risc-v-hpc/ports/elmer/mathlibs/src/arpack/dnaitr.f:658:35:

  376 |             call dvout (logfil, 1, rnorm, ndigit,
      |                                   2
......
  658 |             call dvout (logfil, 2, xtemp, ndigit,
      |                                   1
Warning: Rank mismatch between actual argument at (1) and actual argument at (2) (scalar and rank-1)
/home/acer/risc-v-hpc/ports/elmer/mathlibs/src/arpack/dnaitr.f:729:39:

  376 |             call dvout (logfil, 1, rnorm, ndigit,
      |                                   2    
......
  729 |                 call dvout (logfil, 2, xtemp, ndigit,
      |                                       1
Warning: Rank mismatch between actual argument at (1) and actual argument at (2) (scalar and rank-1)
[  8%] Building Fortran object mathlibs/src/arpack/CMakeFiles/arpack.dir/dnapps.f.o
[  9%] Building Fortran object mathlibs/src/arpack/CMakeFiles/arpack.dir/dnaup2.f.o
/home/acer/risc-v-hpc/ports/elmer/mathlibs/src/arpack/dnaup2.f:530:35:

  425 |             call ivout (logfil, 1, iter, ndigit,
      |                                   2
......
  530 |             call ivout (logfil, 4, kp, ndigit,
      |                                   1
Warning: Rank mismatch between actual argument at (1) and actual argument at (2) (scalar and rank-1)
/home/acer/risc-v-hpc/ports/elmer/mathlibs/src/arpack/dnaup2.f:532:40:

  471 |             call dvout (logfil, 1, rnorm, ndigit,
      |                                   2     
......
  532 |             call dvout (logfil, kplusp, ritzr, ndigit,
      |                                        1
Warning: Rank mismatch between actual argument at (1) and actual argument at (2) (scalar and rank-1)
/home/acer/risc-v-hpc/ports/elmer/mathlibs/src/arpack/dnaup2.f:534:40:

  471 |             call dvout (logfil, 1, rnorm, ndigit,
      |                                   2     
......
  534 |             call dvout (logfil, kplusp, ritzi, ndigit,
      |                                        1
Warning: Rank mismatch between actual argument at (1) and actual argument at (2) (scalar and rank-1)
/home/acer/risc-v-hpc/ports/elmer/mathlibs/src/arpack/dnaup2.f:536:40:

  471 |             call dvout (logfil, 1, rnorm, ndigit,
      |                                   2     
......
  536 |             call dvout (logfil, kplusp, bounds, ndigit,
      |                                        1
Warning: Rank mismatch between actual argument at (1) and actual argument at (2) (scalar and rank-1)
/home/acer/risc-v-hpc/ports/elmer/mathlibs/src/arpack/dnaup2.f:662:43:

  471 |             call dvout (logfil, 1, rnorm, ndigit,
      |                                   2        
......
  662 |                call dvout (logfil, kplusp, ritzr, ndigit,
      |                                           1
Warning: Rank mismatch between actual argument at (1) and actual argument at (2) (scalar and rank-1)
/home/acer/risc-v-hpc/ports/elmer/mathlibs/src/arpack/dnaup2.f:664:43:

  471 |             call dvout (logfil, 1, rnorm, ndigit,
      |                                   2        
......
  664 |                call dvout (logfil, kplusp, ritzi, ndigit,
      |                                           1
Warning: Rank mismatch between actual argument at (1) and actual argument at (2) (scalar and rank-1)
/home/acer/risc-v-hpc/ports/elmer/mathlibs/src/arpack/dnaup2.f:666:43:

  471 |             call dvout (logfil, 1, rnorm, ndigit,
      |                                   2        
......
  666 |                call dvout (logfil, kplusp, bounds, ndigit,
      |                                           1
Warning: Rank mismatch between actual argument at (1) and actual argument at (2) (scalar and rank-1)
/home/acer/risc-v-hpc/ports/elmer/mathlibs/src/arpack/dnaup2.f:719:38:

  425 |             call ivout (logfil, 1, iter, ndigit,
      |                                   2   
......
  719 |                call ivout (logfil, 2, kp, ndigit,
      |                                      1
Warning: Rank mismatch between actual argument at (1) and actual argument at (2) (scalar and rank-1)
/home/acer/risc-v-hpc/ports/elmer/mathlibs/src/arpack/dnaup2.f:768:36:

  471 |             call dvout (logfil, 1, rnorm, ndigit,
      |                                   2 
......
  768 |             call dvout (logfil, np, ritzr, ndigit,
      |                                    1
Warning: Rank mismatch between actual argument at (1) and actual argument at (2) (scalar and rank-1)
/home/acer/risc-v-hpc/ports/elmer/mathlibs/src/arpack/dnaup2.f:770:36:

  471 |             call dvout (logfil, 1, rnorm, ndigit,
      |                                   2 
......
  770 |             call dvout (logfil, np, ritzi, ndigit,
      |                                    1
Warning: Rank mismatch between actual argument at (1) and actual argument at (2) (scalar and rank-1)
/home/acer/risc-v-hpc/ports/elmer/mathlibs/src/arpack/dnaup2.f:773:40:

  471 |             call dvout (logfil, 1, rnorm, ndigit,
      |                                   2     
......
  773 |      &          call dvout (logfil, np, bounds, ndigit,
      |                                        1
Warning: Rank mismatch between actual argument at (1) and actual argument at (2) (scalar and rank-1)
[  9%] Building CXX object meshgen2d/src/CMakeFiles/Mesh2D.dir/Element.cpp.o
[  9%] Building Fortran object mathlibs/src/arpack/CMakeFiles/arpack.dir/dnaupd.f.o
[  9%] Built target fhuti
[  9%] Building C object fem/src/view3d/CMakeFiles/view3d.dir/ViewFactors.c.o
[  9%] Building Fortran object mathlibs/src/arpack/CMakeFiles/arpack.dir/dnconv.f.o
/home/acer/risc-v-hpc/ports/elmer/fem/src/view3d/ViewFactors.c: In function ‘viewfactors3d’:
/home/acer/risc-v-hpc/ports/elmer/fem/src/view3d/ViewFactors.c:485:4: warning: implicit declaration of function ‘elm_4node_quad_shape_functions’ [-Wimplicit-function-declaration]
  485 |    elm_4node_quad_shape_functions(  ShapeFunctionMatrix4 );
      |    ^~~~~~~~~~~~~~~~~~~~~~~~~~~~~~
[  9%] Building Fortran object mathlibs/src/arpack/CMakeFiles/arpack.dir/dneigh.f.o
[  9%] Building Fortran object mathlibs/src/arpack/CMakeFiles/arpack.dir/dneupd.f.o
/home/acer/risc-v-hpc/ports/elmer/mathlibs/src/arpack/dneupd.f:969:36:

  535 |             call dvout(logfil, 1, thres, ndigit,
      |                                  2  
......
  969 |          call dvout (logfil, nconv, dr, ndigit,
      |                                    1
Warning: Rank mismatch between actual argument at (1) and actual argument at (2) (scalar and rank-1)
/home/acer/risc-v-hpc/ports/elmer/mathlibs/src/arpack/dneupd.f:971:36:

  535 |             call dvout(logfil, 1, thres, ndigit,
      |                                  2  
......
  971 |          call dvout (logfil, nconv, di, ndigit,
      |                                    1
Warning: Rank mismatch between actual argument at (1) and actual argument at (2) (scalar and rank-1)
/home/acer/risc-v-hpc/ports/elmer/mathlibs/src/arpack/dneupd.f:976:36:

  535 |             call dvout(logfil, 1, thres, ndigit,
      |                                  2  
......
  976 |          call dvout (logfil, nconv, dr, ndigit,
      |                                    1
Warning: Rank mismatch between actual argument at (1) and actual argument at (2) (scalar and rank-1)
/home/acer/risc-v-hpc/ports/elmer/mathlibs/src/arpack/dneupd.f:978:36:

  535 |             call dvout(logfil, 1, thres, ndigit,
      |                                  2  
......
  978 |          call dvout (logfil, nconv, di, ndigit,
      |                                    1
Warning: Rank mismatch between actual argument at (1) and actual argument at (2) (scalar and rank-1)
[  9%] Building Fortran object mathlibs/src/arpack/CMakeFiles/arpack.dir/dngets.f.o
[  9%] Building Fortran object mathlibs/src/arpack/CMakeFiles/arpack.dir/dsaitr.f.o
/home/acer/risc-v-hpc/ports/elmer/mathlibs/src/arpack/dsaitr.f:671:35:

  369 |             call dvout (logfil, 1, rnorm, ndigit,
      |                                   2
......
  671 |             call dvout (logfil, 2, xtemp, ndigit,
      |                                   1
Warning: Rank mismatch between actual argument at (1) and actual argument at (2) (scalar and rank-1)
/home/acer/risc-v-hpc/ports/elmer/mathlibs/src/arpack/dsaitr.f:743:39:

  369 |             call dvout (logfil, 1, rnorm, ndigit,
      |                                   2    
......
  743 |                 call dvout (logfil, 2, xtemp, ndigit,
      |                                       1
Warning: Rank mismatch between actual argument at (1) and actual argument at (2) (scalar and rank-1)
[ 10%] Building C object fem/src/view3d/CMakeFiles/view3d.dir/TestModel.c.o
[ 10%] Building Fortran object mathlibs/src/arpack/CMakeFiles/arpack.dir/dsapps.f.o
[ 10%] Building CXX object meshgen2d/src/CMakeFiles/Mesh2D.dir/GeometryEdge.cpp.o
[ 10%] Building CXX object meshgen2d/src/CMakeFiles/Mesh2D.dir/main.cpp.o
[ 10%] Building Fortran object mathlibs/src/arpack/CMakeFiles/arpack.dir/dsaup2.f.o
/home/acer/risc-v-hpc/ports/elmer/mathlibs/src/arpack/dsaup2.f:498:35:

  405 |             call ivout (logfil, 1, iter, ndigit,
      |                                   2
......
  498 |             call ivout (logfil, 3, kp, ndigit,
      |                                   1
Warning: Rank mismatch between actual argument at (1) and actual argument at (2) (scalar and rank-1)
/home/acer/risc-v-hpc/ports/elmer/mathlibs/src/arpack/dsaup2.f:500:40:

  449 |             call dvout (logfil, 1, rnorm, ndigit,
      |                                   2     
......
  500 |             call dvout (logfil, kplusp, ritz, ndigit,
      |                                        1
Warning: Rank mismatch between actual argument at (1) and actual argument at (2) (scalar and rank-1)
/home/acer/risc-v-hpc/ports/elmer/mathlibs/src/arpack/dsaup2.f:502:40:

  449 |             call dvout (logfil, 1, rnorm, ndigit,
      |                                   2     
......
  502 |             call dvout (logfil, kplusp, bounds, ndigit,
      |                                        1
Warning: Rank mismatch between actual argument at (1) and actual argument at (2) (scalar and rank-1)
/home/acer/risc-v-hpc/ports/elmer/mathlibs/src/arpack/dsaup2.f:647:43:

  449 |             call dvout (logfil, 1, rnorm, ndigit,
      |                                   2        
......
  647 |                call dvout (logfil, kplusp, ritz, ndigit,
      |                                           1
Warning: Rank mismatch between actual argument at (1) and actual argument at (2) (scalar and rank-1)
/home/acer/risc-v-hpc/ports/elmer/mathlibs/src/arpack/dsaup2.f:649:43:

  449 |             call dvout (logfil, 1, rnorm, ndigit,
      |                                   2        
......
  649 |                call dvout (logfil, kplusp, bounds, ndigit,
      |                                           1
Warning: Rank mismatch between actual argument at (1) and actual argument at (2) (scalar and rank-1)
/home/acer/risc-v-hpc/ports/elmer/mathlibs/src/arpack/dsaup2.f:702:38:

  405 |             call ivout (logfil, 1, iter, ndigit,
      |                                   2   
......
  702 |                call ivout (logfil, 2, kp, ndigit,
      |                                      1
Warning: Rank mismatch between actual argument at (1) and actual argument at (2) (scalar and rank-1)
/home/acer/risc-v-hpc/ports/elmer/mathlibs/src/arpack/dsaup2.f:747:36:

  449 |             call dvout (logfil, 1, rnorm, ndigit,
      |                                   2 
......
  747 |             call dvout (logfil, np, workl, ndigit,
      |                                    1
Warning: Rank mismatch between actual argument at (1) and actual argument at (2) (scalar and rank-1)
/home/acer/risc-v-hpc/ports/elmer/mathlibs/src/arpack/dsaup2.f:750:39:

  449 |             call dvout (logfil, 1, rnorm, ndigit,
      |                                   2    
......
  750 |                call dvout (logfil, np, bounds, ndigit,
      |                                       1
Warning: Rank mismatch between actual argument at (1) and actual argument at (2) (scalar and rank-1)
[ 10%] Building Fortran object mathlibs/src/arpack/CMakeFiles/arpack.dir/dsaupd.f.o
[ 10%] Building Fortran object mathlibs/src/arpack/CMakeFiles/arpack.dir/dsconv.f.o
[ 10%] Building Fortran object mathlibs/src/arpack/CMakeFiles/arpack.dir/dseigt.f.o
[ 10%] Building Fortran object mathlibs/src/arpack/CMakeFiles/arpack.dir/dsesrt.f.o
[ 10%] Building C object fem/src/view3d/CMakeFiles/view3d.dir/LineUtil.c.o
[ 10%] Building Fortran object mathlibs/src/arpack/CMakeFiles/arpack.dir/dseupd.f.o
/home/acer/risc-v-hpc/ports/elmer/mathlibs/src/arpack/dseupd.f:497:38:

  476 |                 call dvout(logfil, 1, thres1, ndigit,
      |                                      2
......
  497 |                 call dvout(logfil, 2, kv, ndigit,
      |                                      1
Warning: Rank mismatch between actual argument at (1) and actual argument at (2) (scalar and rank-1)
/home/acer/risc-v-hpc/ports/elmer/mathlibs/src/arpack/dseupd.f:860:36:

  476 |                 call dvout(logfil, 1, thres1, ndigit,
      |                                      2
......
  860 |          call dvout (logfil, nconv, d, ndigit,
      |                                    1
Warning: Rank mismatch between actual argument at (1) and actual argument at (2) (scalar and rank-1)
/home/acer/risc-v-hpc/ports/elmer/mathlibs/src/arpack/dseupd.f:865:36:

  476 |                 call dvout(logfil, 1, thres1, ndigit,
      |                                      2
......
  865 |          call dvout (logfil, nconv, d, ndigit,
      |                                    1
Warning: Rank mismatch between actual argument at (1) and actual argument at (2) (scalar and rank-1)
[ 10%] Building C object fem/src/view3d/CMakeFiles/view3d.dir/TriangleUtil.c.o
[ 10%] Building Fortran object mathlibs/src/arpack/CMakeFiles/arpack.dir/dsgets.f.o
[ 11%] Building Fortran object mathlibs/src/arpack/CMakeFiles/arpack.dir/dsortc.f.o
[ 11%] Building Fortran object mathlibs/src/arpack/CMakeFiles/arpack.dir/dsortr.f.o
[ 11%] Building C object fem/src/view3d/CMakeFiles/view3d.dir/BiLinearUtil.c.o
[ 11%] Building Fortran object mathlibs/src/arpack/CMakeFiles/arpack.dir/dstatn.f.o
[ 11%] Building Fortran object mathlibs/src/arpack/CMakeFiles/arpack.dir/dstats.f.o
[ 11%] Building CXX object meshgen2d/src/CMakeFiles/Mesh2D.dir/Mesh.cpp.o
[ 11%] Building Fortran object mathlibs/src/arpack/CMakeFiles/arpack.dir/dstqrb.f.o
[ 11%] Building Fortran object mathlibs/src/arpack/CMakeFiles/arpack.dir/sgetv0.f.o
/home/acer/risc-v-hpc/ports/elmer/mathlibs/src/arpack/sgetv0.f:404:32:

  367 |           call svout (logfil, 1, rnorm0, ndigit,
      |                                 2
......
  404 |          call svout (logfil, n, resid, ndigit,
      |                                1
Warning: Rank mismatch between actual argument at (1) and actual argument at (2) (scalar and rank-1)
[ 11%] Building C object fem/src/view3d/CMakeFiles/view3d.dir/BiQuadraticUtil.c.o
[ 11%] Building Fortran object mathlibs/src/arpack/CMakeFiles/arpack.dir/slaqrb.f.o
[ 11%] Building C object fem/src/view3d/CMakeFiles/view3d.dir/BiCubicUtil.c.o
[ 11%] Building Fortran object mathlibs/src/arpack/CMakeFiles/arpack.dir/snaitr.f.o
[ 11%] Building CXX object meshgen2d/src/CMakeFiles/Mesh2D.dir/MeshNode.cpp.o
/home/acer/risc-v-hpc/ports/elmer/mathlibs/src/arpack/snaitr.f:658:35:

  376 |             call svout (logfil, 1, rnorm, ndigit,
      |                                   2
......
  658 |             call svout (logfil, 2, xtemp, ndigit,
      |                                   1
Warning: Rank mismatch between actual argument at (1) and actual argument at (2) (scalar and rank-1)
/home/acer/risc-v-hpc/ports/elmer/mathlibs/src/arpack/snaitr.f:729:39:

  376 |             call svout (logfil, 1, rnorm, ndigit,
      |                                   2    
......
  729 |                 call svout (logfil, 2, xtemp, ndigit,
      |                                       1
Warning: Rank mismatch between actual argument at (1) and actual argument at (2) (scalar and rank-1)
[ 11%] Building Fortran object mathlibs/src/arpack/CMakeFiles/arpack.dir/snapps.f.o
[ 11%] Building C object fem/src/view3d/CMakeFiles/view3d.dir/RayTrace.c.o
[ 11%] Building Fortran object mathlibs/src/arpack/CMakeFiles/arpack.dir/snaup2.f.o
/home/acer/risc-v-hpc/ports/elmer/mathlibs/src/arpack/snaup2.f:531:35:

  426 |             call ivout (logfil, 1, iter, ndigit,
      |                                   2
......
  531 |             call ivout (logfil, 4, kp, ndigit,
      |                                   1
Warning: Rank mismatch between actual argument at (1) and actual argument at (2) (scalar and rank-1)
/home/acer/risc-v-hpc/ports/elmer/mathlibs/src/arpack/snaup2.f:533:40:

  472 |             call svout (logfil, 1, rnorm, ndigit,
      |                                   2     
......
  533 |             call svout (logfil, kplusp, ritzr, ndigit,
      |                                        1
Warning: Rank mismatch between actual argument at (1) and actual argument at (2) (scalar and rank-1)
/home/acer/risc-v-hpc/ports/elmer/mathlibs/src/arpack/snaup2.f:535:40:

  472 |             call svout (logfil, 1, rnorm, ndigit,
      |                                   2     
......
  535 |             call svout (logfil, kplusp, ritzi, ndigit,
      |                                        1
Warning: Rank mismatch between actual argument at (1) and actual argument at (2) (scalar and rank-1)
/home/acer/risc-v-hpc/ports/elmer/mathlibs/src/arpack/snaup2.f:537:40:

  472 |             call svout (logfil, 1, rnorm, ndigit,
      |                                   2     
......
  537 |             call svout (logfil, kplusp, bounds, ndigit,
      |                                        1
Warning: Rank mismatch between actual argument at (1) and actual argument at (2) (scalar and rank-1)
/home/acer/risc-v-hpc/ports/elmer/mathlibs/src/arpack/snaup2.f:663:43:

  472 |             call svout (logfil, 1, rnorm, ndigit,
      |                                   2        
......
  663 |                call svout (logfil, kplusp, ritzr, ndigit,
      |                                           1
Warning: Rank mismatch between actual argument at (1) and actual argument at (2) (scalar and rank-1)
/home/acer/risc-v-hpc/ports/elmer/mathlibs/src/arpack/snaup2.f:665:43:

  472 |             call svout (logfil, 1, rnorm, ndigit,
      |                                   2        
......
  665 |                call svout (logfil, kplusp, ritzi, ndigit,
      |                                           1
Warning: Rank mismatch between actual argument at (1) and actual argument at (2) (scalar and rank-1)
/home/acer/risc-v-hpc/ports/elmer/mathlibs/src/arpack/snaup2.f:667:43:

  472 |             call svout (logfil, 1, rnorm, ndigit,
      |                                   2        
......
  667 |                call svout (logfil, kplusp, bounds, ndigit,
      |                                           1
Warning: Rank mismatch between actual argument at (1) and actual argument at (2) (scalar and rank-1)
/home/acer/risc-v-hpc/ports/elmer/mathlibs/src/arpack/snaup2.f:720:38:

  426 |             call ivout (logfil, 1, iter, ndigit,
      |                                   2   
......
  720 |                call ivout (logfil, 2, kp, ndigit,
      |                                      1
Warning: Rank mismatch between actual argument at (1) and actual argument at (2) (scalar and rank-1)
/home/acer/risc-v-hpc/ports/elmer/mathlibs/src/arpack/snaup2.f:769:36:

  472 |             call svout (logfil, 1, rnorm, ndigit,
      |                                   2 
......
  769 |             call svout (logfil, np, ritzr, ndigit,
      |                                    1
Warning: Rank mismatch between actual argument at (1) and actual argument at (2) (scalar and rank-1)
/home/acer/risc-v-hpc/ports/elmer/mathlibs/src/arpack/snaup2.f:771:36:

  472 |             call svout (logfil, 1, rnorm, ndigit,
      |                                   2 
......
  771 |             call svout (logfil, np, ritzi, ndigit,
      |                                    1
Warning: Rank mismatch between actual argument at (1) and actual argument at (2) (scalar and rank-1)
/home/acer/risc-v-hpc/ports/elmer/mathlibs/src/arpack/snaup2.f:774:40:

  472 |             call svout (logfil, 1, rnorm, ndigit,
      |                                   2     
......
  774 |      &          call svout (logfil, np, bounds, ndigit,
      |                                        1
Warning: Rank mismatch between actual argument at (1) and actual argument at (2) (scalar and rank-1)
[ 11%] Building CXX object meshgen2d/src/CMakeFiles/Mesh2D.dir/MeshParser.cpp.o
[ 11%] Building Fortran object mathlibs/src/arpack/CMakeFiles/arpack.dir/snaupd.f.o
[ 11%] Building Fortran object mathlibs/src/arpack/CMakeFiles/arpack.dir/snconv.f.o
[ 11%] Building Fortran object mathlibs/src/arpack/CMakeFiles/arpack.dir/sneigh.f.o
[ 11%] Building Fortran object mathlibs/src/arpack/CMakeFiles/arpack.dir/sneupd.f.o
/home/acer/risc-v-hpc/ports/elmer/mathlibs/src/arpack/sneupd.f:969:36:

  535 |             call svout(logfil, 1, thres, ndigit,
      |                                  2  
......
  969 |          call svout (logfil, nconv, dr, ndigit,
      |                                    1
Warning: Rank mismatch between actual argument at (1) and actual argument at (2) (scalar and rank-1)
/home/acer/risc-v-hpc/ports/elmer/mathlibs/src/arpack/sneupd.f:971:36:

  535 |             call svout(logfil, 1, thres, ndigit,
      |                                  2  
......
  971 |          call svout (logfil, nconv, di, ndigit,
      |                                    1
Warning: Rank mismatch between actual argument at (1) and actual argument at (2) (scalar and rank-1)
/home/acer/risc-v-hpc/ports/elmer/mathlibs/src/arpack/sneupd.f:976:36:

  535 |             call svout(logfil, 1, thres, ndigit,
      |                                  2  
......
  976 |          call svout (logfil, nconv, dr, ndigit,
      |                                    1
Warning: Rank mismatch between actual argument at (1) and actual argument at (2) (scalar and rank-1)
/home/acer/risc-v-hpc/ports/elmer/mathlibs/src/arpack/sneupd.f:978:36:

  535 |             call svout(logfil, 1, thres, ndigit,
      |                                  2  
......
  978 |          call svout (logfil, nconv, di, ndigit,
      |                                    1
Warning: Rank mismatch between actual argument at (1) and actual argument at (2) (scalar and rank-1)
[ 11%] Building C object fem/src/view3d/CMakeFiles/view3d.dir/VectorUtil.c.o
[ 11%] Building C object fem/src/view3d/CMakeFiles/view3d.dir/LUDecomp.c.o
[ 11%] Building C object fem/src/view3d/CMakeFiles/view3d.dir/2d_4node.c.o
[ 11%] Building Fortran object mathlibs/src/arpack/CMakeFiles/arpack.dir/sngets.f.o
[ 12%] Building Fortran object mathlibs/src/arpack/CMakeFiles/arpack.dir/ssaitr.f.o
/home/acer/risc-v-hpc/ports/elmer/mathlibs/src/arpack/ssaitr.f:671:35:

  369 |             call svout (logfil, 1, rnorm, ndigit,
      |                                   2
......
  671 |             call svout (logfil, 2, xtemp, ndigit,
      |                                   1
Warning: Rank mismatch between actual argument at (1) and actual argument at (2) (scalar and rank-1)
/home/acer/risc-v-hpc/ports/elmer/mathlibs/src/arpack/ssaitr.f:743:39:

  369 |             call svout (logfil, 1, rnorm, ndigit,
      |                                   2    
......
  743 |                 call svout (logfil, 2, xtemp, ndigit,
      |                                       1
Warning: Rank mismatch between actual argument at (1) and actual argument at (2) (scalar and rank-1)
[ 12%] Building C object fem/src/view3d/CMakeFiles/view3d.dir/16node_quad.c.o
[ 12%] Building Fortran object mathlibs/src/arpack/CMakeFiles/arpack.dir/ssapps.f.o
[ 12%] Building C object fem/src/view3d/CMakeFiles/view3d.dir/second.c.o
[ 12%] Linking C static library libview3d.a
[ 12%] Building Fortran object mathlibs/src/arpack/CMakeFiles/arpack.dir/ssaup2.f.o
/home/acer/risc-v-hpc/ports/elmer/mathlibs/src/arpack/ssaup2.f:498:35:

  405 |             call ivout (logfil, 1, iter, ndigit,
      |                                   2
......
  498 |             call ivout (logfil, 3, kp, ndigit,
      |                                   1
Warning: Rank mismatch between actual argument at (1) and actual argument at (2) (scalar and rank-1)
/home/acer/risc-v-hpc/ports/elmer/mathlibs/src/arpack/ssaup2.f:500:40:

  449 |             call svout (logfil, 1, rnorm, ndigit,
      |                                   2     
......
  500 |             call svout (logfil, kplusp, ritz, ndigit,
      |                                        1
Warning: Rank mismatch between actual argument at (1) and actual argument at (2) (scalar and rank-1)
/home/acer/risc-v-hpc/ports/elmer/mathlibs/src/arpack/ssaup2.f:502:40:

  449 |             call svout (logfil, 1, rnorm, ndigit,
      |                                   2     
......
  502 |             call svout (logfil, kplusp, bounds, ndigit,
      |                                        1
Warning: Rank mismatch between actual argument at (1) and actual argument at (2) (scalar and rank-1)
/home/acer/risc-v-hpc/ports/elmer/mathlibs/src/arpack/ssaup2.f:647:43:

  449 |             call svout (logfil, 1, rnorm, ndigit,
      |                                   2        
......
  647 |                call svout (logfil, kplusp, ritz, ndigit,
      |                                           1
Warning: Rank mismatch between actual argument at (1) and actual argument at (2) (scalar and rank-1)
/home/acer/risc-v-hpc/ports/elmer/mathlibs/src/arpack/ssaup2.f:649:43:

  449 |             call svout (logfil, 1, rnorm, ndigit,
      |                                   2        
......
  649 |                call svout (logfil, kplusp, bounds, ndigit,
      |                                           1
Warning: Rank mismatch between actual argument at (1) and actual argument at (2) (scalar and rank-1)
/home/acer/risc-v-hpc/ports/elmer/mathlibs/src/arpack/ssaup2.f:702:38:

  405 |             call ivout (logfil, 1, iter, ndigit,
      |                                   2   
......
  702 |                call ivout (logfil, 2, kp, ndigit,
      |                                      1
Warning: Rank mismatch between actual argument at (1) and actual argument at (2) (scalar and rank-1)
/home/acer/risc-v-hpc/ports/elmer/mathlibs/src/arpack/ssaup2.f:747:36:

  449 |             call svout (logfil, 1, rnorm, ndigit,
      |                                   2 
......
  747 |             call svout (logfil, np, workl, ndigit,
      |                                    1
Warning: Rank mismatch between actual argument at (1) and actual argument at (2) (scalar and rank-1)
/home/acer/risc-v-hpc/ports/elmer/mathlibs/src/arpack/ssaup2.f:750:39:

  449 |             call svout (logfil, 1, rnorm, ndigit,
      |                                   2    
......
  750 |                call svout (logfil, np, bounds, ndigit,
      |                                       1
Warning: Rank mismatch between actual argument at (1) and actual argument at (2) (scalar and rank-1)
[ 12%] Built target view3d
[ 12%] Building CXX object fem/src/viewaxis/CMakeFiles/viewaxis.dir/viewfact.cpp.o
[ 12%] Building Fortran object mathlibs/src/arpack/CMakeFiles/arpack.dir/ssaupd.f.o
[ 12%] Building Fortran object mathlibs/src/arpack/CMakeFiles/arpack.dir/ssconv.f.o
[ 12%] Building Fortran object mathlibs/src/arpack/CMakeFiles/arpack.dir/sseigt.f.o
[ 12%] Building Fortran object mathlibs/src/arpack/CMakeFiles/arpack.dir/ssesrt.f.o
[ 12%] Building Fortran object mathlibs/src/arpack/CMakeFiles/arpack.dir/sseupd.f.o
/home/acer/risc-v-hpc/ports/elmer/mathlibs/src/arpack/sseupd.f:497:38:

  476 |                 call svout(logfil, 1, thres1, ndigit,
      |                                      2
......
  497 |                 call svout(logfil, 2, kv, ndigit,
      |                                      1
Warning: Rank mismatch between actual argument at (1) and actual argument at (2) (scalar and rank-1)
/home/acer/risc-v-hpc/ports/elmer/mathlibs/src/arpack/sseupd.f:860:36:

  476 |                 call svout(logfil, 1, thres1, ndigit,
      |                                      2
......
  860 |          call svout (logfil, nconv, d, ndigit,
      |                                    1
Warning: Rank mismatch between actual argument at (1) and actual argument at (2) (scalar and rank-1)
/home/acer/risc-v-hpc/ports/elmer/mathlibs/src/arpack/sseupd.f:865:36:

  476 |                 call svout(logfil, 1, thres1, ndigit,
      |                                      2
......
  865 |          call svout (logfil, nconv, d, ndigit,
      |                                    1
Warning: Rank mismatch between actual argument at (1) and actual argument at (2) (scalar and rank-1)
[ 12%] Building CXX object meshgen2d/src/CMakeFiles/Mesh2D.dir/Node.cpp.o
[ 13%] Linking CXX static library libviewaxis.a
[ 13%] Built target viewaxis
[ 13%] Building C object elmergrid/src/metis-5.1.0/libmetis/CMakeFiles/metis.dir/__/GKlib/b64.c.o
[ 13%] Building Fortran object mathlibs/src/arpack/CMakeFiles/arpack.dir/ssgets.f.o
[ 13%] Building Fortran object mathlibs/src/arpack/CMakeFiles/arpack.dir/ssortc.f.o
[ 13%] Building C object elmergrid/src/metis-5.1.0/libmetis/CMakeFiles/metis.dir/__/GKlib/blas.c.o
[ 13%] Building Fortran object mathlibs/src/arpack/CMakeFiles/arpack.dir/ssortr.f.o
[ 13%] Building Fortran object mathlibs/src/arpack/CMakeFiles/arpack.dir/sstatn.f.o
[ 13%] Building CXX object meshgen2d/src/CMakeFiles/Mesh2D.dir/PQ.cpp.o
[ 13%] Building Fortran object mathlibs/src/arpack/CMakeFiles/arpack.dir/sstats.f.o
[ 13%] Building Fortran object mathlibs/src/arpack/CMakeFiles/arpack.dir/sstqrb.f.o
[ 13%] Building Fortran object mathlibs/src/arpack/CMakeFiles/arpack.dir/zgetv0.f.o
[ 14%] Building Fortran object mathlibs/src/arpack/CMakeFiles/arpack.dir/znaitr.f.o
/home/acer/risc-v-hpc/ports/elmer/mathlibs/src/arpack/znaitr.f:666:35:

  383 |             call dvout (logfil, 1, rnorm, ndigit,
      |                                   2
......
  666 |             call dvout (logfil, 2, rtemp, ndigit,
      |                                   1
Warning: Rank mismatch between actual argument at (1) and actual argument at (2) (scalar and rank-1)
/home/acer/risc-v-hpc/ports/elmer/mathlibs/src/arpack/znaitr.f:737:39:

  383 |             call dvout (logfil, 1, rnorm, ndigit,
      |                                   2    
......
  737 |                 call dvout (logfil, 2, rtemp, ndigit,
      |                                       1
Warning: Rank mismatch between actual argument at (1) and actual argument at (2) (scalar and rank-1)
[ 14%] Building Fortran object mathlibs/src/arpack/CMakeFiles/arpack.dir/znapps.f.o
[ 14%] Building CXX object meshgen2d/src/CMakeFiles/Mesh2D.dir/QuadElement.cpp.o
[ 14%] Building C object elmergrid/src/metis-5.1.0/libmetis/CMakeFiles/metis.dir/__/GKlib/csr.c.o
[ 14%] Building Fortran object mathlibs/src/arpack/CMakeFiles/arpack.dir/znaup2.f.o
/home/acer/risc-v-hpc/ports/elmer/mathlibs/src/arpack/znaup2.f:502:35:

  391 |             call ivout (logfil, 1, iter, ndigit,
      |                                   2
......
  502 |             call ivout (logfil, 3, kp, ndigit,
      |                                   1
Warning: Rank mismatch between actual argument at (1) and actual argument at (2) (scalar and rank-1)
/home/acer/risc-v-hpc/ports/elmer/mathlibs/src/arpack/znaup2.f:665:38:

  391 |             call ivout (logfil, 1, iter, ndigit,
      |                                   2   
......
  665 |                call ivout (logfil, 2, kp, ndigit,
      |                                      1
Warning: Rank mismatch between actual argument at (1) and actual argument at (2) (scalar and rank-1)
[ 14%] Building CXX object meshgen2d/src/CMakeFiles/Mesh2D.dir/QuadLayer.cpp.o
[ 14%] Building Fortran object mathlibs/src/arpack/CMakeFiles/arpack.dir/znaupd.f.o
[ 14%] Building Fortran object mathlibs/src/arpack/CMakeFiles/arpack.dir/zneigh.f.o
[ 14%] Building Fortran object mathlibs/src/arpack/CMakeFiles/arpack.dir/zneupd.f.o
[ 15%] Building CXX object meshgen2d/src/CMakeFiles/Mesh2D.dir/SSSFVoronoiSegment.cpp.o
[ 15%] Building Fortran object mathlibs/src/arpack/CMakeFiles/arpack.dir/zngets.f.o
[ 15%] Building Fortran object mathlibs/src/arpack/CMakeFiles/arpack.dir/zsortc.f.o
[ 15%] Building Fortran object mathlibs/src/arpack/CMakeFiles/arpack.dir/zstatn.f.o
[ 15%] Building Fortran object mathlibs/src/arpack/CMakeFiles/arpack.dir/cmout.f.o
[ 15%] Building C object elmergrid/src/metis-5.1.0/libmetis/CMakeFiles/metis.dir/__/GKlib/error.c.o
[ 15%] Building C object elmergrid/src/metis-5.1.0/libmetis/CMakeFiles/metis.dir/__/GKlib/evaluate.c.o
[ 15%] Building C object elmergrid/src/metis-5.1.0/libmetis/CMakeFiles/metis.dir/__/GKlib/fkvkselect.c.o
[ 15%] Building Fortran object mathlibs/src/arpack/CMakeFiles/arpack.dir/cvout.f.o
[ 15%] Building C object elmergrid/src/metis-5.1.0/libmetis/CMakeFiles/metis.dir/__/GKlib/fs.c.o
[ 15%] Building Fortran object mathlibs/src/arpack/CMakeFiles/arpack.dir/dmout.f.o
[ 15%] Building C object elmergrid/src/metis-5.1.0/libmetis/CMakeFiles/metis.dir/__/GKlib/getopt.c.o
[ 15%] Building CXX object meshgen2d/src/CMakeFiles/Mesh2D.dir/SSMFVoronoiSegment.cpp.o
[ 15%] Building Fortran object mathlibs/src/arpack/CMakeFiles/arpack.dir/dvout.f.o
[ 15%] Building C object elmergrid/src/metis-5.1.0/libmetis/CMakeFiles/metis.dir/__/GKlib/gkregex.c.o
[ 15%] Building C object elmergrid/src/metis-5.1.0/libmetis/CMakeFiles/metis.dir/__/GKlib/graph.c.o
[ 15%] Building Fortran object mathlibs/src/arpack/CMakeFiles/arpack.dir/icnteq.f.o
[ 15%] Building CXX object meshgen2d/src/CMakeFiles/Mesh2D.dir/TriangleElement.cpp.o
[ 15%] Building Fortran object mathlibs/src/arpack/CMakeFiles/arpack.dir/icopy.f.o
[ 16%] Building Fortran object mathlibs/src/arpack/CMakeFiles/arpack.dir/iset.f.o
[ 16%] Building Fortran object mathlibs/src/arpack/CMakeFiles/arpack.dir/iswap.f.o
[ 16%] Building Fortran object mathlibs/src/arpack/CMakeFiles/arpack.dir/ivout.f.o
[ 16%] Building Fortran object mathlibs/src/arpack/CMakeFiles/arpack.dir/second.f.o
[ 16%] Building Fortran object mathlibs/src/arpack/CMakeFiles/arpack.dir/smout.f.o
[ 16%] Building C object elmergrid/src/metis-5.1.0/libmetis/CMakeFiles/metis.dir/__/GKlib/htable.c.o
[ 16%] Building C object elmergrid/src/metis-5.1.0/libmetis/CMakeFiles/metis.dir/__/GKlib/io.c.o
[ 16%] Building Fortran object mathlibs/src/arpack/CMakeFiles/arpack.dir/svout.f.o
[ 17%] Building C object elmergrid/src/metis-5.1.0/libmetis/CMakeFiles/metis.dir/__/GKlib/itemsets.c.o
[ 17%] Building Fortran object mathlibs/src/arpack/CMakeFiles/arpack.dir/zmout.f.o
[ 17%] Building C object elmergrid/src/metis-5.1.0/libmetis/CMakeFiles/metis.dir/__/GKlib/mcore.c.o
[ 17%] Building C object elmergrid/src/metis-5.1.0/libmetis/CMakeFiles/metis.dir/__/GKlib/memory.c.o
[ 17%] Building CXX object meshgen2d/src/CMakeFiles/Mesh2D.dir/TriangleNELayer.cpp.o
[ 17%] Building CXX object meshgen2d/src/CMakeFiles/Mesh2D.dir/Vertex.cpp.o
[ 17%] Building Fortran object mathlibs/src/arpack/CMakeFiles/arpack.dir/zvout.f.o
[ 17%] Linking Fortran shared library libarpack.so
[ 17%] Building C object elmergrid/src/metis-5.1.0/libmetis/CMakeFiles/metis.dir/__/GKlib/omp.c.o
[ 17%] Building C object elmergrid/src/metis-5.1.0/libmetis/CMakeFiles/metis.dir/__/GKlib/pdb.c.o
[ 17%] Building CXX object meshgen2d/src/CMakeFiles/Mesh2D.dir/VoronoiSegment.cpp.o
[ 17%] Built target arpack
[ 17%] Building CXX object meshgen2d/src/CMakeFiles/Mesh2D.dir/VoronoiVertex.cpp.o
[ 17%] Building C object elmergrid/src/metis-5.1.0/libmetis/CMakeFiles/metis.dir/__/GKlib/pqueue.c.o
[ 17%] Building CXX object meshgen2d/src/CMakeFiles/Mesh2D.dir/VSVertex.cpp.o
[ 17%] Building C object elmergrid/src/metis-5.1.0/libmetis/CMakeFiles/metis.dir/__/GKlib/random.c.o
[ 17%] Building C object elmergrid/src/metis-5.1.0/libmetis/CMakeFiles/metis.dir/__/GKlib/rw.c.o
[ 17%] Building C object elmergrid/src/metis-5.1.0/libmetis/CMakeFiles/metis.dir/__/GKlib/seq.c.o
[ 17%] Building C object elmergrid/src/metis-5.1.0/libmetis/CMakeFiles/metis.dir/__/GKlib/sort.c.o
[ 17%] Building C object elmergrid/src/metis-5.1.0/libmetis/CMakeFiles/metis.dir/__/GKlib/string.c.o
[ 17%] Building C object matc/src/CMakeFiles/Matc_bin.dir/main.c.o
/home/acer/risc-v-hpc/ports/elmer/matc/src/main.c: In function ‘main’:
/home/acer/risc-v-hpc/ports/elmer/matc/src/main.c:56:9: warning: implicit declaration of function ‘mtc_init’ [-Wimplicit-function-declaration]
   56 |   (void)mtc_init( stdin, stdout, stderr );
      |         ^~~~~~~~
[ 17%] Linking C executable matc
[ 17%] Building C object elmergrid/src/metis-5.1.0/libmetis/CMakeFiles/metis.dir/__/GKlib/timers.c.o
[ 17%] Building C object elmergrid/src/metis-5.1.0/libmetis/CMakeFiles/metis.dir/__/GKlib/tokenizer.c.o
[ 17%] Linking CXX executable Mesh2D
[ 17%] Building C object elmergrid/src/metis-5.1.0/libmetis/CMakeFiles/metis.dir/__/GKlib/util.c.o
[ 17%] Building C object elmergrid/src/metis-5.1.0/libmetis/CMakeFiles/metis.dir/auxapi.c.o
[ 18%] Building C object elmergrid/src/metis-5.1.0/libmetis/CMakeFiles/metis.dir/balance.c.o
[ 18%] Built target Matc_bin
[ 18%] Generating umfpack_zl_wsolve.c
[ 18%] Generating umf_di_2by2.c
[ 18%] Generating umf_di_assemble.c
[ 18%] Generating umf_di_assemble_fixq.c
[ 18%] Generating umf_di_blas3_update.c
[ 18%] Generating umf_di_build_tuples.c
[ 18%] Generating umf_di_create_element.c
[ 18%] Building C object elmergrid/src/metis-5.1.0/libmetis/CMakeFiles/metis.dir/bucketsort.c.o
[ 18%] Generating umf_di_dump.c
[ 18%] Built target Mesh2D
[ 18%] Generating umf_di_extend_front.c
[ 18%] Generating umf_di_garbage_collection.c
[ 18%] Building C object elmergrid/src/metis-5.1.0/libmetis/CMakeFiles/metis.dir/checkgraph.c.o
[ 18%] Generating umf_di_get_memory.c
[ 18%] Generating umf_di_grow_front.c
[ 18%] Generating umf_di_init_front.c
[ 19%] Generating umf_di_kernel.c
[ 19%] Generating umf_di_kernel_init.c
[ 19%] Generating umf_di_kernel_wrapup.c
[ 19%] Generating umf_di_local_search.c
[ 19%] Generating umf_di_lhsolve.c
[ 19%] Building C object elmergrid/src/metis-5.1.0/libmetis/CMakeFiles/metis.dir/coarsen.c.o
[ 19%] Building C object elmergrid/src/metis-5.1.0/libmetis/CMakeFiles/metis.dir/compress.c.o
[ 19%] Building C object elmergrid/src/metis-5.1.0/libmetis/CMakeFiles/metis.dir/contig.c.o
[ 19%] Generating umf_di_lsolve.c
[ 19%] Generating umf_di_ltsolve.c
[ 19%] Generating umf_di_mem_alloc_element.c
[ 19%] Generating umf_di_mem_alloc_head_block.c
[ 19%] Building C object elmergrid/src/metis-5.1.0/libmetis/CMakeFiles/metis.dir/debug.c.o
[ 19%] Generating umf_di_mem_alloc_tail_block.c
[ 19%] Generating umf_di_mem_free_tail_block.c
[ 19%] Generating umf_di_mem_init_memoryspace.c
[ 19%] Generating umf_di_report_vector.c
[ 19%] Generating umf_di_row_search.c
[ 19%] Building C object elmergrid/src/metis-5.1.0/libmetis/CMakeFiles/metis.dir/fm.c.o
[ 19%] Generating umf_di_scale.c
[ 19%] Generating umf_di_scale_column.c
[ 19%] Building C object elmergrid/src/metis-5.1.0/libmetis/CMakeFiles/metis.dir/fortran.c.o
[ 19%] Generating umf_di_set_stats.c
[ 20%] Generating umf_di_solve.c
[ 20%] Generating umf_di_start_front.c
[ 20%] Building C object elmergrid/src/metis-5.1.0/libmetis/CMakeFiles/metis.dir/frename.c.o
[ 20%] Building C object elmergrid/src/metis-5.1.0/libmetis/CMakeFiles/metis.dir/gklib.c.o
[ 20%] Generating umf_di_store_lu.c
[ 20%] Generating umf_di_store_lu_drop.c
[ 20%] Building C object elmergrid/src/metis-5.1.0/libmetis/CMakeFiles/metis.dir/graph.c.o
[ 20%] Generating umf_di_symbolic_usage.c
[ 20%] Generating umf_di_transpose.c
[ 21%] Generating umf_di_triplet_map_nox.c
[ 21%] Building C object elmergrid/src/metis-5.1.0/libmetis/CMakeFiles/metis.dir/initpart.c.o
[ 21%] Generating umf_di_triplet_map_x.c
[ 21%] Building C object elmergrid/src/metis-5.1.0/libmetis/CMakeFiles/metis.dir/kmetis.c.o
[ 21%] Generating umf_di_triplet_nomap_nox.c
[ 21%] Generating umf_di_triplet_nomap_x.c
[ 21%] Generating umf_di_tuple_lengths.c
[ 21%] Building C object elmergrid/src/metis-5.1.0/libmetis/CMakeFiles/metis.dir/kwayfm.c.o
[ 21%] Generating umf_di_uhsolve.c
[ 22%] Building C object elmergrid/src/metis-5.1.0/libmetis/CMakeFiles/metis.dir/kwayrefine.c.o
[ 22%] Generating umf_di_usolve.c
[ 22%] Generating umf_di_utsolve.c
[ 22%] Generating umf_di_valid_numeric.c
[ 22%] Generating umf_di_valid_symbolic.c
[ 22%] Generating umf_dl_2by2.c
[ 22%] Generating umf_dl_assemble.c
[ 22%] Generating umf_dl_assemble_fixq.c
[ 22%] Generating umf_dl_blas3_update.c
[ 22%] Generating umf_dl_build_tuples.c
[ 22%] Generating umf_dl_create_element.c
[ 22%] Building C object elmergrid/src/metis-5.1.0/libmetis/CMakeFiles/metis.dir/mcutil.c.o
[ 22%] Generating umf_dl_dump.c
[ 22%] Generating umf_dl_extend_front.c
[ 22%] Generating umf_dl_garbage_collection.c
[ 22%] Generating umf_dl_get_memory.c
[ 22%] Generating umf_dl_grow_front.c
[ 22%] Building C object elmergrid/src/metis-5.1.0/libmetis/CMakeFiles/metis.dir/mesh.c.o
[ 22%] Generating umf_dl_init_front.c
[ 22%] Building C object elmergrid/src/metis-5.1.0/libmetis/CMakeFiles/metis.dir/meshpart.c.o
[ 22%] Generating umf_dl_kernel.c
[ 23%] Generating umf_dl_kernel_init.c
[ 23%] Generating umf_dl_kernel_wrapup.c
[ 23%] Generating umf_dl_lhsolve.c
[ 23%] Building C object elmergrid/src/metis-5.1.0/libmetis/CMakeFiles/metis.dir/minconn.c.o
[ 23%] Generating umf_dl_local_search.c
[ 23%] Generating umf_dl_lsolve.c
[ 23%] Building C object elmergrid/src/metis-5.1.0/libmetis/CMakeFiles/metis.dir/mincover.c.o
[ 23%] Generating umf_dl_ltsolve.c
[ 23%] Generating umf_dl_mem_alloc_element.c
[ 23%] Generating umf_dl_mem_alloc_head_block.c
[ 23%] Generating umf_dl_mem_alloc_tail_block.c
[ 23%] Building C object elmergrid/src/metis-5.1.0/libmetis/CMakeFiles/metis.dir/mmd.c.o
[ 23%] Generating umf_dl_mem_free_tail_block.c
[ 23%] Generating umf_dl_mem_init_memoryspace.c
[ 23%] Generating umf_dl_report_vector.c
[ 23%] Generating umf_dl_row_search.c
[ 23%] Building C object elmergrid/src/metis-5.1.0/libmetis/CMakeFiles/metis.dir/ometis.c.o
[ 23%] Generating umf_dl_scale.c
[ 23%] Generating umf_dl_scale_column.c
[ 23%] Building C object elmergrid/src/metis-5.1.0/libmetis/CMakeFiles/metis.dir/options.c.o
[ 23%] Building C object elmergrid/src/metis-5.1.0/libmetis/CMakeFiles/metis.dir/parmetis.c.o
[ 23%] Generating umf_dl_set_stats.c
[ 23%] Generating umf_dl_solve.c
[ 23%] Generating umf_dl_start_front.c
[ 23%] Generating umf_dl_store_lu.c
[ 23%] Generating umf_dl_store_lu_drop.c
[ 23%] Building C object elmergrid/src/metis-5.1.0/libmetis/CMakeFiles/metis.dir/pmetis.c.o
[ 24%] Generating umf_dl_symbolic_usage.c
[ 24%] Building C object elmergrid/src/metis-5.1.0/libmetis/CMakeFiles/metis.dir/refine.c.o
[ 24%] Generating umf_dl_transpose.c
[ 24%] Generating umf_dl_triplet_map_nox.c
[ 24%] Generating umf_dl_triplet_map_x.c
[ 24%] Generating umf_dl_triplet_nomap_nox.c
[ 25%] Generating umf_dl_triplet_nomap_x.c
[ 25%] Building C object elmergrid/src/metis-5.1.0/libmetis/CMakeFiles/metis.dir/separator.c.o
[ 25%] Building C object elmergrid/src/metis-5.1.0/libmetis/CMakeFiles/metis.dir/sfm.c.o
[ 25%] Building C object elmergrid/src/metis-5.1.0/libmetis/CMakeFiles/metis.dir/srefine.c.o
[ 25%] Generating umf_dl_tuple_lengths.c
[ 25%] Generating umf_dl_uhsolve.c
[ 25%] Generating umf_dl_usolve.c
[ 26%] Building C object elmergrid/src/metis-5.1.0/libmetis/CMakeFiles/metis.dir/stat.c.o
[ 26%] Building C object elmergrid/src/metis-5.1.0/libmetis/CMakeFiles/metis.dir/timing.c.o
[ 26%] Generating umf_dl_utsolve.c
[ 26%] Generating umf_dl_valid_numeric.c
[ 26%] Building C object elmergrid/src/metis-5.1.0/libmetis/CMakeFiles/metis.dir/util.c.o
[ 26%] Generating umf_dl_valid_symbolic.c
[ 26%] Generating umf_i_analyze.c
[ 26%] Building C object elmergrid/src/metis-5.1.0/libmetis/CMakeFiles/metis.dir/wspace.c.o
[ 26%] Generating umf_i_apply_order.c
[ 26%] Generating umf_i_colamd.c
[ 26%] Generating umf_i_free.c
[ 26%] Generating umf_i_fsize.c
[ 26%] Generating umf_i_is_permutation.c
[ 26%] Generating umf_i_malloc.c
[ 27%] Generating umf_i_realloc.c
[ 27%] Linking C static library libmetis.a
[ 27%] Generating umf_i_report_perm.c
[ 27%] Generating umf_i_singletons.c
[ 27%] Generating umf_l_analyze.c
[ 27%] Generating umf_l_apply_order.c
[ 27%] Generating umf_l_colamd.c
[ 27%] Built target metis
[ 27%] Generating umf_l_fsize.c
[ 27%] Generating umf_l_free.c
[ 27%] Generating umf_l_is_permutation.c
[ 27%] Building C object elmergrid/src/CMakeFiles/ElmerGrid.dir/egparallel.c.o
[ 27%] Generating umf_l_malloc.c
[ 27%] Generating umf_l_realloc.c
[ 27%] Generating umf_l_report_perm.c
[ 27%] Building C object elmergrid/src/CMakeFiles/ElmerGrid.dir/egnative.c.o
[ 27%] Generating umf_l_singletons.c
[ 27%] Generating umf_zi_2by2.c
[ 27%] Generating umf_zi_assemble.c
[ 27%] Generating umf_zi_assemble_fixq.c
[ 27%] Generating umf_zi_blas3_update.c
[ 27%] Generating umf_zi_build_tuples.c
[ 27%] Generating umf_zi_create_element.c
[ 27%] Generating umf_zi_dump.c
[ 27%] Generating umf_zi_extend_front.c
[ 27%] Generating umf_zi_garbage_collection.c
[ 27%] Generating umf_zi_get_memory.c
[ 27%] Generating umf_zi_grow_front.c
[ 27%] Generating umf_zi_init_front.c
[ 27%] Generating umf_zi_kernel.c
[ 28%] Generating umf_zi_kernel_init.c
[ 28%] Generating umf_zi_kernel_wrapup.c
[ 28%] Generating umf_zi_lhsolve.c
[ 28%] Generating umf_zi_local_search.c
[ 28%] Generating umf_zi_lsolve.c
[ 28%] Generating umf_zi_ltsolve.c
[ 28%] Generating umf_zi_mem_alloc_element.c
[ 28%] Building C object elmergrid/src/CMakeFiles/ElmerGrid.dir/egconvert.c.o
[ 28%] Generating umf_zi_mem_alloc_head_block.c
[ 28%] Generating umf_zi_mem_alloc_tail_block.c
[ 28%] Generating umf_zi_mem_free_tail_block.c
[ 28%] Generating umf_zi_mem_init_memoryspace.c
[ 28%] Generating umf_zi_report_vector.c
[ 28%] Generating umf_zi_row_search.c
[ 28%] Generating umf_zi_scale.c
[ 28%] Generating umf_zi_scale_column.c
[ 28%] Generating umf_zi_set_stats.c
[ 28%] Generating umf_zi_solve.c
[ 28%] Generating umf_zi_start_front.c
[ 28%] Generating umf_zi_store_lu.c
[ 28%] Generating umf_zi_store_lu_drop.c
[ 29%] Generating umf_zi_symbolic_usage.c
[ 29%] Generating umf_zi_transpose.c
[ 29%] Generating umf_zi_triplet_map_nox.c
[ 29%] Generating umf_zi_triplet_map_x.c
[ 29%] Generating umf_zi_triplet_nomap_nox.c
[ 30%] Generating umf_zi_triplet_nomap_x.c
[ 30%] Generating umf_zi_tuple_lengths.c
[ 30%] Generating umf_zi_uhsolve.c
[ 30%] Generating umf_zi_usolve.c
[ 30%] Generating umf_zi_utsolve.c
[ 30%] Generating umf_zi_valid_numeric.c
[ 30%] Generating umf_zi_valid_symbolic.c
[ 30%] Generating umf_zl_2by2.c
[ 30%] Generating umf_zl_assemble.c
[ 30%] Generating umf_zl_assemble_fixq.c
[ 30%] Generating umf_zl_blas3_update.c
[ 30%] Generating umf_zl_build_tuples.c
[ 30%] Generating umf_zl_create_element.c
[ 30%] Generating umf_zl_dump.c
[ 30%] Generating umf_zl_extend_front.c
[ 30%] Generating umf_zl_garbage_collection.c
[ 30%] Generating umf_zl_get_memory.c
[ 30%] Generating umf_zl_grow_front.c
[ 30%] Generating umf_zl_init_front.c
[ 30%] Generating umf_zl_kernel.c
[ 30%] Generating umf_zl_kernel_init.c
[ 31%] Generating umf_zl_kernel_wrapup.c
[ 31%] Generating umf_zl_lhsolve.c
[ 31%] Generating umf_zl_local_search.c
[ 31%] Generating umf_zl_lsolve.c
[ 31%] Generating umf_zl_ltsolve.c
[ 31%] Generating umf_zl_mem_alloc_element.c
[ 31%] Generating umf_zl_mem_alloc_head_block.c
[ 31%] Generating umf_zl_mem_alloc_tail_block.c
[ 31%] Generating umf_zl_mem_free_tail_block.c
[ 31%] Generating umf_zl_mem_init_memoryspace.c
[ 31%] Generating umf_zl_report_vector.c
[ 31%] Generating umf_zl_row_search.c
[ 31%] Generating umf_zl_scale.c
[ 31%] Generating umf_zl_scale_column.c
[ 31%] Generating umf_zl_set_stats.c
[ 31%] Generating umf_zl_solve.c
[ 31%] Generating umf_zl_start_front.c
[ 31%] Generating umf_zl_store_lu.c
[ 31%] Generating umf_zl_store_lu_drop.c
[ 31%] Generating umf_zl_symbolic_usage.c
[ 32%] Generating umf_zl_transpose.c
[ 32%] Generating umf_zl_triplet_map_nox.c
[ 32%] Generating umf_zl_triplet_map_x.c
[ 33%] Generating umf_zl_triplet_nomap_nox.c
[ 33%] Generating umf_zl_triplet_nomap_x.c
[ 33%] Generating umf_zl_tuple_lengths.c
[ 33%] Building C object elmergrid/src/CMakeFiles/ElmerGrid.dir/egexport.c.o
[ 33%] Generating umf_zl_uhsolve.c
[ 33%] Building C object elmergrid/src/CMakeFiles/ElmerGrid.dir/egextra.c.o
[ 33%] Generating umf_zl_usolve.c
[ 33%] Generating umf_zl_utsolve.c
[ 33%] Generating umf_zl_valid_numeric.c
[ 33%] Generating umf_zl_valid_symbolic.c
[ 33%] Generating umfpack_di_col_to_triplet.c
[ 34%] Generating umfpack_di_defaults.c
[ 34%] Generating umfpack_di_free_numeric.c
[ 34%] Generating umfpack_di_free_symbolic.c
[ 34%] Generating umfpack_di_get_determinant.c
[ 34%] Building C object elmergrid/src/CMakeFiles/ElmerGrid.dir/egmesh.c.o
[ 34%] Generating umfpack_di_get_lunz.c
[ 34%] Generating umfpack_di_get_numeric.c
[ 34%] Generating umfpack_di_get_symbolic.c
[ 34%] Generating umfpack_di_load_numeric.c
[ 34%] Generating umfpack_di_load_symbolic.c
[ 34%] Building C object elmergrid/src/CMakeFiles/ElmerGrid.dir/fempre.c.o
[ 34%] Generating umfpack_di_numeric.c
[ 34%] Generating umfpack_di_qsymbolic.c
[ 34%] Generating umfpack_di_report_control.c
[ 34%] Generating umfpack_di_report_info.c
[ 34%] Generating umfpack_di_report_matrix.c
[ 34%] Building C object elmergrid/src/CMakeFiles/ElmerGrid.dir/egutils.c.o
[ 34%] Generating umfpack_di_report_numeric.c
[ 34%] Generating umfpack_di_report_perm.c
[ 34%] Generating umfpack_di_report_status.c
[ 35%] Generating umfpack_di_report_symbolic.c
[ 35%] Generating umfpack_di_report_triplet.c
[ 35%] Generating umfpack_di_report_vector.c
[ 35%] Generating umfpack_di_save_numeric.c
[ 35%] Generating umfpack_di_save_symbolic.c
[ 35%] Generating umfpack_di_scale.c
[ 35%] Generating umfpack_di_solve.c
[ 35%] Generating umfpack_di_symbolic.c
[ 35%] Generating umfpack_di_transpose.c
[ 35%] Generating umfpack_di_triplet_to_col.c
[ 35%] Generating umfpack_di_wsolve.c
[ 35%] Generating umfpack_dl_col_to_triplet.c
[ 36%] Generating umfpack_dl_free_numeric.c
[ 36%] Generating umfpack_dl_defaults.c
[ 36%] Generating umfpack_dl_free_symbolic.c
[ 36%] Generating umfpack_dl_get_determinant.c
[ 36%] Generating umfpack_dl_get_lunz.c
[ 36%] Generating umfpack_dl_get_numeric.c
[ 36%] Generating umfpack_dl_load_numeric.c
[ 36%] Generating umfpack_dl_get_symbolic.c
[ 36%] Generating umfpack_dl_load_symbolic.c
[ 36%] Generating umfpack_dl_numeric.c
[ 36%] Generating umfpack_dl_qsymbolic.c
[ 36%] Generating umfpack_dl_report_control.c
[ 36%] Generating umfpack_dl_report_info.c
[ 36%] Generating umfpack_dl_report_matrix.c
[ 36%] Generating umfpack_dl_report_numeric.c
[ 36%] Generating umfpack_dl_report_perm.c
[ 36%] Generating umfpack_dl_report_status.c
[ 37%] Generating umfpack_dl_report_symbolic.c
[ 37%] Generating umfpack_dl_report_triplet.c
[ 37%] Generating umfpack_dl_report_vector.c
[ 37%] Generating umfpack_dl_save_numeric.c
[ 37%] Generating umfpack_dl_save_symbolic.c
[ 37%] Generating umfpack_dl_scale.c
[ 37%] Generating umfpack_dl_solve.c
[ 37%] Generating umfpack_dl_symbolic.c
[ 37%] Generating umfpack_dl_transpose.c
[ 37%] Generating umfpack_dl_triplet_to_col.c
[ 37%] Generating umfpack_dl_wsolve.c
[ 37%] Generating umfpack_zi_col_to_triplet.c
[ 37%] Generating umfpack_zi_defaults.c
[ 37%] Generating umfpack_zi_free_symbolic.c
[ 38%] Generating umfpack_zi_free_numeric.c
[ 38%] Generating umfpack_zi_get_determinant.c
[ 38%] Generating umfpack_zi_get_lunz.c
[ 38%] Generating umfpack_zi_get_numeric.c
[ 38%] Generating umfpack_zi_get_symbolic.c
[ 38%] Generating umfpack_zi_load_numeric.c
[ 38%] Generating umfpack_zi_load_symbolic.c
[ 38%] Generating umfpack_zi_numeric.c
[ 38%] Generating umfpack_zi_qsymbolic.c
[ 38%] Generating umfpack_zi_report_control.c
[ 38%] Generating umfpack_zi_report_matrix.c
[ 38%] Generating umfpack_zi_report_info.c
[ 38%] Generating umfpack_zi_report_numeric.c
[ 38%] Generating umfpack_zi_report_perm.c
[ 38%] Generating umfpack_zi_report_status.c
[ 38%] Generating umfpack_zi_report_symbolic.c
[ 39%] Generating umfpack_zi_report_triplet.c
[ 39%] Generating umfpack_zi_report_vector.c
[ 39%] Generating umfpack_zi_save_numeric.c
[ 39%] Generating umfpack_zi_save_symbolic.c
[ 39%] Generating umfpack_zi_scale.c
[ 39%] Generating umfpack_zi_solve.c
[ 39%] Generating umfpack_zi_symbolic.c
[ 39%] Generating umfpack_zi_transpose.c
[ 39%] Generating umfpack_zi_triplet_to_col.c
[ 39%] Generating umfpack_zi_wsolve.c
[ 39%] Generating umfpack_zl_col_to_triplet.c
[ 39%] Generating umfpack_zl_defaults.c
[ 39%] Generating umfpack_zl_free_numeric.c
[ 40%] Generating umfpack_zl_free_symbolic.c
[ 40%] Generating umfpack_zl_get_determinant.c
[ 40%] Generating umfpack_zl_get_lunz.c
[ 40%] Generating umfpack_zl_get_numeric.c
[ 40%] Generating umfpack_zl_get_symbolic.c
[ 40%] Generating umfpack_zl_load_numeric.c
[ 40%] Generating umfpack_zl_load_symbolic.c
[ 40%] Generating umfpack_zl_numeric.c
[ 40%] Generating umfpack_zl_qsymbolic.c
[ 40%] Generating umfpack_zl_report_control.c
[ 40%] Generating umfpack_zl_report_info.c
[ 40%] Generating umfpack_zl_report_matrix.c
[ 40%] Generating umfpack_zl_report_numeric.c
[ 40%] Generating umfpack_zl_report_perm.c
[ 40%] Generating umfpack_zl_report_status.c
[ 40%] Generating umfpack_zl_report_symbolic.c
[ 40%] Generating umfpack_zl_report_triplet.c
[ 41%] Generating umfpack_zl_report_vector.c
[ 41%] Generating umfpack_zl_save_numeric.c
[ 41%] Generating umfpack_zl_save_symbolic.c
[ 41%] Generating umfpack_zl_scale.c
[ 41%] Generating umfpack_zl_solve.c
[ 41%] Generating umfpack_zl_symbolic.c
[ 41%] Generating umfpack_zl_transpose.c
[ 41%] Generating umfpack_zl_triplet_to_col.c
[ 41%] Building C object umfpack/src/umfpack/CMakeFiles/umfpack.dir/umf_i_analyze.c.o
[ 41%] Building C object umfpack/src/umfpack/CMakeFiles/umfpack.dir/umfpack_timer.c.o
[ 41%] Building C object umfpack/src/umfpack/CMakeFiles/umfpack.dir/umfpack_tictoc.c.o
[ 41%] Building C object umfpack/src/umfpack/CMakeFiles/umfpack.dir/umf_i_apply_order.c.o
[ 41%] Building C object umfpack/src/umfpack/CMakeFiles/umfpack.dir/umf_i_colamd.c.o
[ 42%] Building C object umfpack/src/umfpack/CMakeFiles/umfpack.dir/umf_i_free.c.o
[ 42%] Building C object umfpack/src/umfpack/CMakeFiles/umfpack.dir/umf_i_fsize.c.o
[ 42%] Building C object umfpack/src/umfpack/CMakeFiles/umfpack.dir/umf_i_is_permutation.c.o
[ 42%] Building C object umfpack/src/umfpack/CMakeFiles/umfpack.dir/umf_i_malloc.c.o
[ 42%] Building C object umfpack/src/umfpack/CMakeFiles/umfpack.dir/umf_i_realloc.c.o
[ 42%] Building C object umfpack/src/umfpack/CMakeFiles/umfpack.dir/umf_i_report_perm.c.o
[ 42%] Building C object umfpack/src/umfpack/CMakeFiles/umfpack.dir/umf_i_singletons.c.o
[ 42%] Building C object umfpack/src/umfpack/CMakeFiles/umfpack.dir/umf_l_analyze.c.o
[ 42%] Building C object umfpack/src/umfpack/CMakeFiles/umfpack.dir/umf_l_apply_order.c.o
[ 42%] Building C object umfpack/src/umfpack/CMakeFiles/umfpack.dir/umf_l_colamd.c.o
[ 42%] Building C object umfpack/src/umfpack/CMakeFiles/umfpack.dir/umf_l_free.c.o
[ 42%] Building C object umfpack/src/umfpack/CMakeFiles/umfpack.dir/umf_l_fsize.c.o
[ 42%] Building C object umfpack/src/umfpack/CMakeFiles/umfpack.dir/umf_l_is_permutation.c.o
[ 42%] Building C object umfpack/src/umfpack/CMakeFiles/umfpack.dir/umf_l_malloc.c.o
[ 42%] Building C object umfpack/src/umfpack/CMakeFiles/umfpack.dir/umf_l_realloc.c.o
[ 43%] Building C object umfpack/src/umfpack/CMakeFiles/umfpack.dir/umf_l_report_perm.c.o
[ 43%] Building C object umfpack/src/umfpack/CMakeFiles/umfpack.dir/umf_l_singletons.c.o
[ 43%] Building C object umfpack/src/umfpack/CMakeFiles/umfpack.dir/umf_di_lhsolve.c.o
[ 43%] Building C object umfpack/src/umfpack/CMakeFiles/umfpack.dir/umf_di_uhsolve.c.o
[ 43%] Building C object umfpack/src/umfpack/CMakeFiles/umfpack.dir/umf_di_triplet_map_nox.c.o
[ 43%] Building C object umfpack/src/umfpack/CMakeFiles/umfpack.dir/umf_di_triplet_nomap_x.c.o
[ 43%] Building C object umfpack/src/umfpack/CMakeFiles/umfpack.dir/umf_di_triplet_nomap_nox.c.o
[ 43%] Building C object umfpack/src/umfpack/CMakeFiles/umfpack.dir/umf_di_triplet_map_x.c.o
[ 43%] Building C object umfpack/src/umfpack/CMakeFiles/umfpack.dir/umf_di_assemble_fixq.c.o
[ 43%] Building C object umfpack/src/umfpack/CMakeFiles/umfpack.dir/umf_di_store_lu_drop.c.o
[ 43%] Building C object umfpack/src/umfpack/CMakeFiles/umfpack.dir/umf_di_assemble.c.o
[ 43%] Building C object umfpack/src/umfpack/CMakeFiles/umfpack.dir/umf_di_blas3_update.c.o
[ 43%] Building C object umfpack/src/umfpack/CMakeFiles/umfpack.dir/umf_di_build_tuples.c.o
[ 43%] Building C object umfpack/src/umfpack/CMakeFiles/umfpack.dir/umf_di_create_element.c.o
[ 44%] Building C object umfpack/src/umfpack/CMakeFiles/umfpack.dir/umf_di_extend_front.c.o
[ 44%] Building C object umfpack/src/umfpack/CMakeFiles/umfpack.dir/umf_di_dump.c.o
[ 44%] Building C object umfpack/src/umfpack/CMakeFiles/umfpack.dir/umf_di_garbage_collection.c.o
[ 44%] Building C object umfpack/src/umfpack/CMakeFiles/umfpack.dir/umf_di_get_memory.c.o
[ 44%] Building C object umfpack/src/umfpack/CMakeFiles/umfpack.dir/umf_di_init_front.c.o
[ 44%] Building C object umfpack/src/umfpack/CMakeFiles/umfpack.dir/umf_di_kernel.c.o
[ 44%] Building C object umfpack/src/umfpack/CMakeFiles/umfpack.dir/umf_di_kernel_init.c.o
[ 44%] Building C object umfpack/src/umfpack/CMakeFiles/umfpack.dir/umf_di_kernel_wrapup.c.o
[ 44%] Building C object umfpack/src/umfpack/CMakeFiles/umfpack.dir/umf_di_local_search.c.o
[ 44%] Building C object umfpack/src/umfpack/CMakeFiles/umfpack.dir/umf_di_lsolve.c.o
[ 44%] Building C object umfpack/src/umfpack/CMakeFiles/umfpack.dir/umf_di_ltsolve.c.o
[ 44%] Building C object umfpack/src/umfpack/CMakeFiles/umfpack.dir/umf_di_mem_alloc_element.c.o
[ 44%] Building C object umfpack/src/umfpack/CMakeFiles/umfpack.dir/umf_di_mem_alloc_head_block.c.o
[ 44%] Building C object umfpack/src/umfpack/CMakeFiles/umfpack.dir/umf_di_mem_alloc_tail_block.c.o
[ 44%] Building C object umfpack/src/umfpack/CMakeFiles/umfpack.dir/umf_di_mem_free_tail_block.c.o
[ 44%] Building C object umfpack/src/umfpack/CMakeFiles/umfpack.dir/umf_di_mem_init_memoryspace.c.o
[ 45%] Building C object umfpack/src/umfpack/CMakeFiles/umfpack.dir/umf_di_report_vector.c.o
[ 45%] Building C object umfpack/src/umfpack/CMakeFiles/umfpack.dir/umf_di_row_search.c.o
[ 45%] Building C object umfpack/src/umfpack/CMakeFiles/umfpack.dir/umf_di_scale_column.c.o
[ 45%] Building C object umfpack/src/umfpack/CMakeFiles/umfpack.dir/umf_di_set_stats.c.o
[ 45%] Building C object umfpack/src/umfpack/CMakeFiles/umfpack.dir/umf_di_solve.c.o
[ 45%] Building C object umfpack/src/umfpack/CMakeFiles/umfpack.dir/umf_di_symbolic_usage.c.o
[ 45%] Building C object umfpack/src/umfpack/CMakeFiles/umfpack.dir/umf_di_transpose.c.o
[ 45%] Building C object umfpack/src/umfpack/CMakeFiles/umfpack.dir/umf_di_tuple_lengths.c.o
[ 45%] Building C object umfpack/src/umfpack/CMakeFiles/umfpack.dir/umf_di_usolve.c.o
[ 45%] Building C object umfpack/src/umfpack/CMakeFiles/umfpack.dir/umf_di_utsolve.c.o
[ 45%] Building C object umfpack/src/umfpack/CMakeFiles/umfpack.dir/umf_di_valid_numeric.c.o
[ 45%] Building C object umfpack/src/umfpack/CMakeFiles/umfpack.dir/umf_di_valid_symbolic.c.o
[ 45%] Building C object umfpack/src/umfpack/CMakeFiles/umfpack.dir/umf_di_grow_front.c.o
[ 45%] Building C object umfpack/src/umfpack/CMakeFiles/umfpack.dir/umf_di_start_front.c.o
[ 45%] Building C object umfpack/src/umfpack/CMakeFiles/umfpack.dir/umf_di_2by2.c.o
[ 46%] Building C object umfpack/src/umfpack/CMakeFiles/umfpack.dir/umf_di_store_lu.c.o
[ 46%] Building C object umfpack/src/umfpack/CMakeFiles/umfpack.dir/umf_di_scale.c.o
[ 46%] Building C object umfpack/src/umfpack/CMakeFiles/umfpack.dir/umfpack_di_wsolve.c.o
[ 46%] Building C object umfpack/src/umfpack/CMakeFiles/umfpack.dir/umfpack_di_col_to_triplet.c.o
[ 46%] Building C object umfpack/src/umfpack/CMakeFiles/umfpack.dir/umfpack_di_defaults.c.o
[ 46%] Building C object umfpack/src/umfpack/CMakeFiles/umfpack.dir/umfpack_di_free_numeric.c.o
[ 46%] Building C object umfpack/src/umfpack/CMakeFiles/umfpack.dir/umfpack_di_free_symbolic.c.o
[ 46%] Building C object umfpack/src/umfpack/CMakeFiles/umfpack.dir/umfpack_di_get_numeric.c.o
[ 46%] Building C object umfpack/src/umfpack/CMakeFiles/umfpack.dir/umfpack_di_get_lunz.c.o
[ 46%] Building C object umfpack/src/umfpack/CMakeFiles/umfpack.dir/umfpack_di_get_symbolic.c.o
[ 46%] Building C object umfpack/src/umfpack/CMakeFiles/umfpack.dir/umfpack_di_get_determinant.c.o
[ 46%] Building C object umfpack/src/umfpack/CMakeFiles/umfpack.dir/umfpack_di_numeric.c.o
[ 46%] Building C object umfpack/src/umfpack/CMakeFiles/umfpack.dir/umfpack_di_qsymbolic.c.o
[ 46%] Building C object umfpack/src/umfpack/CMakeFiles/umfpack.dir/umfpack_di_report_control.c.o
[ 46%] Building C object umfpack/src/umfpack/CMakeFiles/umfpack.dir/umfpack_di_report_info.c.o
[ 47%] Building C object umfpack/src/umfpack/CMakeFiles/umfpack.dir/umfpack_di_report_matrix.c.o
[ 47%] Building C object umfpack/src/umfpack/CMakeFiles/umfpack.dir/umfpack_di_report_numeric.c.o
[ 47%] Building C object umfpack/src/umfpack/CMakeFiles/umfpack.dir/umfpack_di_report_perm.c.o
[ 47%] Building C object umfpack/src/umfpack/CMakeFiles/umfpack.dir/umfpack_di_report_status.c.o
[ 47%] Building C object umfpack/src/umfpack/CMakeFiles/umfpack.dir/umfpack_di_report_symbolic.c.o
[ 47%] Building C object umfpack/src/umfpack/CMakeFiles/umfpack.dir/umfpack_di_report_triplet.c.o
[ 47%] Building C object umfpack/src/umfpack/CMakeFiles/umfpack.dir/umfpack_di_report_vector.c.o
[ 47%] Building C object umfpack/src/umfpack/CMakeFiles/umfpack.dir/umfpack_di_solve.c.o
[ 47%] Building C object umfpack/src/umfpack/CMakeFiles/umfpack.dir/umfpack_di_symbolic.c.o
[ 47%] Building C object umfpack/src/umfpack/CMakeFiles/umfpack.dir/umfpack_di_transpose.c.o
[ 47%] Building C object umfpack/src/umfpack/CMakeFiles/umfpack.dir/umfpack_di_triplet_to_col.c.o
[ 47%] Building C object umfpack/src/umfpack/CMakeFiles/umfpack.dir/umfpack_di_scale.c.o
[ 47%] Building C object umfpack/src/umfpack/CMakeFiles/umfpack.dir/umfpack_di_load_numeric.c.o
[ 47%] Building C object umfpack/src/umfpack/CMakeFiles/umfpack.dir/umfpack_di_save_numeric.c.o
[ 47%] Building C object umfpack/src/umfpack/CMakeFiles/umfpack.dir/umfpack_di_load_symbolic.c.o
[ 48%] Building C object umfpack/src/umfpack/CMakeFiles/umfpack.dir/umfpack_di_save_symbolic.c.o
[ 48%] Building C object umfpack/src/umfpack/CMakeFiles/umfpack.dir/umf_dl_lhsolve.c.o
[ 48%] Building C object umfpack/src/umfpack/CMakeFiles/umfpack.dir/umf_dl_uhsolve.c.o
[ 48%] Building C object umfpack/src/umfpack/CMakeFiles/umfpack.dir/umf_dl_triplet_map_nox.c.o
[ 48%] Building C object umfpack/src/umfpack/CMakeFiles/umfpack.dir/umf_dl_triplet_nomap_x.c.o
[ 48%] Building C object umfpack/src/umfpack/CMakeFiles/umfpack.dir/umf_dl_triplet_nomap_nox.c.o
[ 48%] Building C object umfpack/src/umfpack/CMakeFiles/umfpack.dir/umf_dl_triplet_map_x.c.o
[ 48%] Building C object umfpack/src/umfpack/CMakeFiles/umfpack.dir/umf_dl_assemble_fixq.c.o
[ 48%] Building C object umfpack/src/umfpack/CMakeFiles/umfpack.dir/umf_dl_store_lu_drop.c.o
[ 48%] Building C object umfpack/src/umfpack/CMakeFiles/umfpack.dir/umf_dl_assemble.c.o
[ 48%] Building C object umfpack/src/umfpack/CMakeFiles/umfpack.dir/umf_dl_blas3_update.c.o
[ 48%] Building C object umfpack/src/umfpack/CMakeFiles/umfpack.dir/umf_dl_build_tuples.c.o
[ 48%] Building C object umfpack/src/umfpack/CMakeFiles/umfpack.dir/umf_dl_create_element.c.o
[ 48%] Building C object umfpack/src/umfpack/CMakeFiles/umfpack.dir/umf_dl_dump.c.o
[ 48%] Building C object umfpack/src/umfpack/CMakeFiles/umfpack.dir/umf_dl_extend_front.c.o
[ 49%] Building C object umfpack/src/umfpack/CMakeFiles/umfpack.dir/umf_dl_garbage_collection.c.o
[ 49%] Building C object umfpack/src/umfpack/CMakeFiles/umfpack.dir/umf_dl_get_memory.c.o
[ 49%] Building C object umfpack/src/umfpack/CMakeFiles/umfpack.dir/umf_dl_init_front.c.o
[ 49%] Building C object umfpack/src/umfpack/CMakeFiles/umfpack.dir/umf_dl_kernel.c.o
[ 49%] Building C object umfpack/src/umfpack/CMakeFiles/umfpack.dir/umf_dl_kernel_init.c.o
[ 49%] Building C object umfpack/src/umfpack/CMakeFiles/umfpack.dir/umf_dl_kernel_wrapup.c.o
[ 49%] Building C object umfpack/src/umfpack/CMakeFiles/umfpack.dir/umf_dl_local_search.c.o
[ 50%] Linking C executable ElmerGrid
[ 50%] Building C object umfpack/src/umfpack/CMakeFiles/umfpack.dir/umf_dl_lsolve.c.o
[ 50%] Building C object umfpack/src/umfpack/CMakeFiles/umfpack.dir/umf_dl_ltsolve.c.o
[ 50%] Building C object umfpack/src/umfpack/CMakeFiles/umfpack.dir/umf_dl_mem_alloc_element.c.o
[ 50%] Building C object umfpack/src/umfpack/CMakeFiles/umfpack.dir/umf_dl_mem_alloc_head_block.c.o
[ 50%] Building C object umfpack/src/umfpack/CMakeFiles/umfpack.dir/umf_dl_mem_alloc_tail_block.c.o
[ 50%] Building C object umfpack/src/umfpack/CMakeFiles/umfpack.dir/umf_dl_mem_free_tail_block.c.o
[ 50%] Building C object umfpack/src/umfpack/CMakeFiles/umfpack.dir/umf_dl_mem_init_memoryspace.c.o
[ 50%] Building C object umfpack/src/umfpack/CMakeFiles/umfpack.dir/umf_dl_report_vector.c.o
[ 51%] Building C object umfpack/src/umfpack/CMakeFiles/umfpack.dir/umf_dl_row_search.c.o
[ 51%] Building C object umfpack/src/umfpack/CMakeFiles/umfpack.dir/umf_dl_scale_column.c.o
[ 51%] Building C object umfpack/src/umfpack/CMakeFiles/umfpack.dir/umf_dl_set_stats.c.o
[ 51%] Building C object umfpack/src/umfpack/CMakeFiles/umfpack.dir/umf_dl_solve.c.o
[ 51%] Building C object umfpack/src/umfpack/CMakeFiles/umfpack.dir/umf_dl_symbolic_usage.c.o
[ 51%] Building C object umfpack/src/umfpack/CMakeFiles/umfpack.dir/umf_dl_transpose.c.o
[ 51%] Building C object umfpack/src/umfpack/CMakeFiles/umfpack.dir/umf_dl_tuple_lengths.c.o
[ 51%] Building C object umfpack/src/umfpack/CMakeFiles/umfpack.dir/umf_dl_usolve.c.o
[ 51%] Building C object umfpack/src/umfpack/CMakeFiles/umfpack.dir/umf_dl_utsolve.c.o
[ 51%] Building C object umfpack/src/umfpack/CMakeFiles/umfpack.dir/umf_dl_valid_numeric.c.o
[ 51%] Building C object umfpack/src/umfpack/CMakeFiles/umfpack.dir/umf_dl_valid_symbolic.c.o
[ 51%] Building C object umfpack/src/umfpack/CMakeFiles/umfpack.dir/umf_dl_grow_front.c.o
[ 51%] Building C object umfpack/src/umfpack/CMakeFiles/umfpack.dir/umf_dl_start_front.c.o
[ 51%] Built target ElmerGrid
[ 51%] Building C object umfpack/src/umfpack/CMakeFiles/umfpack.dir/umf_dl_2by2.c.o
[ 51%] Building C object umfpack/src/umfpack/CMakeFiles/umfpack.dir/umf_dl_store_lu.c.o
[ 52%] Building C object umfpack/src/umfpack/CMakeFiles/umfpack.dir/umf_dl_scale.c.o
[ 52%] Building C object umfpack/src/umfpack/CMakeFiles/umfpack.dir/umfpack_dl_wsolve.c.o
[ 52%] Building C object umfpack/src/umfpack/CMakeFiles/umfpack.dir/umfpack_dl_col_to_triplet.c.o
[ 52%] Building C object umfpack/src/umfpack/CMakeFiles/umfpack.dir/umfpack_dl_defaults.c.o
[ 52%] Building C object umfpack/src/umfpack/CMakeFiles/umfpack.dir/umfpack_dl_free_numeric.c.o
[ 52%] Building C object umfpack/src/umfpack/CMakeFiles/umfpack.dir/umfpack_dl_free_symbolic.c.o
[ 52%] Building C object umfpack/src/umfpack/CMakeFiles/umfpack.dir/umfpack_dl_get_numeric.c.o
[ 52%] Building C object umfpack/src/umfpack/CMakeFiles/umfpack.dir/umfpack_dl_get_lunz.c.o
[ 52%] Building C object umfpack/src/umfpack/CMakeFiles/umfpack.dir/umfpack_dl_get_symbolic.c.o
[ 52%] Building C object umfpack/src/umfpack/CMakeFiles/umfpack.dir/umfpack_dl_get_determinant.c.o
[ 52%] Building C object umfpack/src/umfpack/CMakeFiles/umfpack.dir/umfpack_dl_numeric.c.o
[ 52%] Building C object umfpack/src/umfpack/CMakeFiles/umfpack.dir/umfpack_dl_qsymbolic.c.o
[ 52%] Building C object umfpack/src/umfpack/CMakeFiles/umfpack.dir/umfpack_dl_report_control.c.o
[ 52%] Building C object umfpack/src/umfpack/CMakeFiles/umfpack.dir/umfpack_dl_report_info.c.o
[ 53%] Building C object umfpack/src/umfpack/CMakeFiles/umfpack.dir/umfpack_dl_report_matrix.c.o
[ 53%] Building C object umfpack/src/umfpack/CMakeFiles/umfpack.dir/umfpack_dl_report_numeric.c.o
[ 53%] Building C object umfpack/src/umfpack/CMakeFiles/umfpack.dir/umfpack_dl_report_perm.c.o
[ 53%] Building C object umfpack/src/umfpack/CMakeFiles/umfpack.dir/umfpack_dl_report_status.c.o
[ 53%] Building C object umfpack/src/umfpack/CMakeFiles/umfpack.dir/umfpack_dl_report_symbolic.c.o
[ 53%] Building C object umfpack/src/umfpack/CMakeFiles/umfpack.dir/umfpack_dl_report_triplet.c.o
[ 53%] Building C object umfpack/src/umfpack/CMakeFiles/umfpack.dir/umfpack_dl_report_vector.c.o
[ 53%] Building C object umfpack/src/umfpack/CMakeFiles/umfpack.dir/umfpack_dl_solve.c.o
[ 53%] Building C object umfpack/src/umfpack/CMakeFiles/umfpack.dir/umfpack_dl_symbolic.c.o
[ 53%] Building C object umfpack/src/umfpack/CMakeFiles/umfpack.dir/umfpack_dl_transpose.c.o
[ 53%] Building C object umfpack/src/umfpack/CMakeFiles/umfpack.dir/umfpack_dl_triplet_to_col.c.o
[ 53%] Building C object umfpack/src/umfpack/CMakeFiles/umfpack.dir/umfpack_dl_scale.c.o
[ 53%] Building C object umfpack/src/umfpack/CMakeFiles/umfpack.dir/umfpack_dl_load_numeric.c.o
[ 53%] Building C object umfpack/src/umfpack/CMakeFiles/umfpack.dir/umfpack_dl_save_numeric.c.o
[ 53%] Building C object umfpack/src/umfpack/CMakeFiles/umfpack.dir/umfpack_dl_load_symbolic.c.o
[ 53%] Building C object umfpack/src/umfpack/CMakeFiles/umfpack.dir/umfpack_dl_save_symbolic.c.o
[ 54%] Building C object umfpack/src/umfpack/CMakeFiles/umfpack.dir/umf_zi_lhsolve.c.o
[ 54%] Building C object umfpack/src/umfpack/CMakeFiles/umfpack.dir/umf_zi_uhsolve.c.o
[ 54%] Building C object umfpack/src/umfpack/CMakeFiles/umfpack.dir/umf_zi_triplet_map_nox.c.o
[ 54%] Building C object umfpack/src/umfpack/CMakeFiles/umfpack.dir/umf_zi_triplet_nomap_x.c.o
[ 54%] Building C object umfpack/src/umfpack/CMakeFiles/umfpack.dir/umf_zi_triplet_nomap_nox.c.o
[ 54%] Building C object umfpack/src/umfpack/CMakeFiles/umfpack.dir/umf_zi_triplet_map_x.c.o
[ 54%] Building C object umfpack/src/umfpack/CMakeFiles/umfpack.dir/umf_zi_assemble_fixq.c.o
[ 54%] Building C object umfpack/src/umfpack/CMakeFiles/umfpack.dir/umf_zi_store_lu_drop.c.o
[ 54%] Building C object umfpack/src/umfpack/CMakeFiles/umfpack.dir/umf_zi_assemble.c.o
[ 54%] Building C object umfpack/src/umfpack/CMakeFiles/umfpack.dir/umf_zi_blas3_update.c.o
[ 54%] Building C object umfpack/src/umfpack/CMakeFiles/umfpack.dir/umf_zi_build_tuples.c.o
[ 54%] Building C object umfpack/src/umfpack/CMakeFiles/umfpack.dir/umf_zi_create_element.c.o
[ 54%] Building C object umfpack/src/umfpack/CMakeFiles/umfpack.dir/umf_zi_dump.c.o
[ 54%] Building C object umfpack/src/umfpack/CMakeFiles/umfpack.dir/umf_zi_extend_front.c.o
[ 54%] Building C object umfpack/src/umfpack/CMakeFiles/umfpack.dir/umf_zi_garbage_collection.c.o
[ 55%] Building C object umfpack/src/umfpack/CMakeFiles/umfpack.dir/umf_zi_get_memory.c.o
[ 55%] Building C object umfpack/src/umfpack/CMakeFiles/umfpack.dir/umf_zi_init_front.c.o
[ 55%] Building C object umfpack/src/umfpack/CMakeFiles/umfpack.dir/umf_zi_kernel.c.o
[ 55%] Building C object umfpack/src/umfpack/CMakeFiles/umfpack.dir/umf_zi_kernel_init.c.o
[ 55%] Building C object umfpack/src/umfpack/CMakeFiles/umfpack.dir/umf_zi_kernel_wrapup.c.o
[ 55%] Building C object umfpack/src/umfpack/CMakeFiles/umfpack.dir/umf_zi_local_search.c.o
[ 55%] Building C object umfpack/src/umfpack/CMakeFiles/umfpack.dir/umf_zi_lsolve.c.o
[ 55%] Building C object umfpack/src/umfpack/CMakeFiles/umfpack.dir/umf_zi_ltsolve.c.o
[ 55%] Building C object umfpack/src/umfpack/CMakeFiles/umfpack.dir/umf_zi_mem_alloc_element.c.o
[ 55%] Building C object umfpack/src/umfpack/CMakeFiles/umfpack.dir/umf_zi_mem_alloc_head_block.c.o
[ 55%] Building C object umfpack/src/umfpack/CMakeFiles/umfpack.dir/umf_zi_mem_alloc_tail_block.c.o
[ 55%] Building C object umfpack/src/umfpack/CMakeFiles/umfpack.dir/umf_zi_mem_free_tail_block.c.o
[ 55%] Building C object umfpack/src/umfpack/CMakeFiles/umfpack.dir/umf_zi_mem_init_memoryspace.c.o
[ 55%] Building C object umfpack/src/umfpack/CMakeFiles/umfpack.dir/umf_zi_report_vector.c.o
[ 55%] Building C object umfpack/src/umfpack/CMakeFiles/umfpack.dir/umf_zi_row_search.c.o
[ 56%] Building C object umfpack/src/umfpack/CMakeFiles/umfpack.dir/umf_zi_scale_column.c.o
[ 56%] Building C object umfpack/src/umfpack/CMakeFiles/umfpack.dir/umf_zi_set_stats.c.o
[ 56%] Building C object umfpack/src/umfpack/CMakeFiles/umfpack.dir/umf_zi_solve.c.o
[ 56%] Building C object umfpack/src/umfpack/CMakeFiles/umfpack.dir/umf_zi_symbolic_usage.c.o
[ 56%] Building C object umfpack/src/umfpack/CMakeFiles/umfpack.dir/umf_zi_transpose.c.o
[ 56%] Building C object umfpack/src/umfpack/CMakeFiles/umfpack.dir/umf_zi_tuple_lengths.c.o
[ 56%] Building C object umfpack/src/umfpack/CMakeFiles/umfpack.dir/umf_zi_usolve.c.o
[ 56%] Building C object umfpack/src/umfpack/CMakeFiles/umfpack.dir/umf_zi_utsolve.c.o
[ 56%] Building C object umfpack/src/umfpack/CMakeFiles/umfpack.dir/umf_zi_valid_numeric.c.o
[ 56%] Building C object umfpack/src/umfpack/CMakeFiles/umfpack.dir/umf_zi_valid_symbolic.c.o
[ 56%] Building C object umfpack/src/umfpack/CMakeFiles/umfpack.dir/umf_zi_grow_front.c.o
[ 56%] Building C object umfpack/src/umfpack/CMakeFiles/umfpack.dir/umf_zi_start_front.c.o
[ 56%] Building C object umfpack/src/umfpack/CMakeFiles/umfpack.dir/umf_zi_2by2.c.o
[ 56%] Building C object umfpack/src/umfpack/CMakeFiles/umfpack.dir/umf_zi_store_lu.c.o
[ 56%] Building C object umfpack/src/umfpack/CMakeFiles/umfpack.dir/umf_zi_scale.c.o
[ 57%] Building C object umfpack/src/umfpack/CMakeFiles/umfpack.dir/umfpack_zi_wsolve.c.o
[ 57%] Building C object umfpack/src/umfpack/CMakeFiles/umfpack.dir/umfpack_zi_col_to_triplet.c.o
[ 57%] Building C object umfpack/src/umfpack/CMakeFiles/umfpack.dir/umfpack_zi_defaults.c.o
[ 57%] Building C object umfpack/src/umfpack/CMakeFiles/umfpack.dir/umfpack_zi_free_numeric.c.o
[ 57%] Building C object umfpack/src/umfpack/CMakeFiles/umfpack.dir/umfpack_zi_free_symbolic.c.o
[ 57%] Building C object umfpack/src/umfpack/CMakeFiles/umfpack.dir/umfpack_zi_get_numeric.c.o
[ 57%] Building C object umfpack/src/umfpack/CMakeFiles/umfpack.dir/umfpack_zi_get_lunz.c.o
[ 57%] Building C object umfpack/src/umfpack/CMakeFiles/umfpack.dir/umfpack_zi_get_symbolic.c.o
[ 57%] Building C object umfpack/src/umfpack/CMakeFiles/umfpack.dir/umfpack_zi_get_determinant.c.o
[ 57%] Building C object umfpack/src/umfpack/CMakeFiles/umfpack.dir/umfpack_zi_numeric.c.o
[ 57%] Building C object umfpack/src/umfpack/CMakeFiles/umfpack.dir/umfpack_zi_qsymbolic.c.o
[ 57%] Building C object umfpack/src/umfpack/CMakeFiles/umfpack.dir/umfpack_zi_report_control.c.o
[ 57%] Building C object umfpack/src/umfpack/CMakeFiles/umfpack.dir/umfpack_zi_report_info.c.o
[ 57%] Building C object umfpack/src/umfpack/CMakeFiles/umfpack.dir/umfpack_zi_report_matrix.c.o
[ 57%] Building C object umfpack/src/umfpack/CMakeFiles/umfpack.dir/umfpack_zi_report_numeric.c.o
[ 58%] Building C object umfpack/src/umfpack/CMakeFiles/umfpack.dir/umfpack_zi_report_perm.c.o
[ 58%] Building C object umfpack/src/umfpack/CMakeFiles/umfpack.dir/umfpack_zi_report_status.c.o
[ 58%] Building C object umfpack/src/umfpack/CMakeFiles/umfpack.dir/umfpack_zi_report_symbolic.c.o
[ 58%] Building C object umfpack/src/umfpack/CMakeFiles/umfpack.dir/umfpack_zi_report_triplet.c.o
[ 58%] Building C object umfpack/src/umfpack/CMakeFiles/umfpack.dir/umfpack_zi_report_vector.c.o
[ 58%] Building C object umfpack/src/umfpack/CMakeFiles/umfpack.dir/umfpack_zi_solve.c.o
[ 58%] Building C object umfpack/src/umfpack/CMakeFiles/umfpack.dir/umfpack_zi_symbolic.c.o
[ 58%] Building C object umfpack/src/umfpack/CMakeFiles/umfpack.dir/umfpack_zi_transpose.c.o
[ 58%] Building C object umfpack/src/umfpack/CMakeFiles/umfpack.dir/umfpack_zi_triplet_to_col.c.o
[ 58%] Building C object umfpack/src/umfpack/CMakeFiles/umfpack.dir/umfpack_zi_scale.c.o
[ 58%] Building C object umfpack/src/umfpack/CMakeFiles/umfpack.dir/umfpack_zi_load_numeric.c.o
[ 58%] Building C object umfpack/src/umfpack/CMakeFiles/umfpack.dir/umfpack_zi_save_numeric.c.o
[ 58%] Building C object umfpack/src/umfpack/CMakeFiles/umfpack.dir/umfpack_zi_load_symbolic.c.o
[ 58%] Building C object umfpack/src/umfpack/CMakeFiles/umfpack.dir/umfpack_zi_save_symbolic.c.o
[ 58%] Building C object umfpack/src/umfpack/CMakeFiles/umfpack.dir/umf_zl_lhsolve.c.o
[ 59%] Building C object umfpack/src/umfpack/CMakeFiles/umfpack.dir/umf_zl_uhsolve.c.o
[ 59%] Building C object umfpack/src/umfpack/CMakeFiles/umfpack.dir/umf_zl_triplet_map_nox.c.o
[ 59%] Building C object umfpack/src/umfpack/CMakeFiles/umfpack.dir/umf_zl_triplet_nomap_x.c.o
[ 59%] Building C object umfpack/src/umfpack/CMakeFiles/umfpack.dir/umf_zl_triplet_nomap_nox.c.o
[ 59%] Building C object umfpack/src/umfpack/CMakeFiles/umfpack.dir/umf_zl_triplet_map_x.c.o
[ 59%] Building C object umfpack/src/umfpack/CMakeFiles/umfpack.dir/umf_zl_assemble_fixq.c.o
[ 59%] Building C object umfpack/src/umfpack/CMakeFiles/umfpack.dir/umf_zl_store_lu_drop.c.o
[ 59%] Building C object umfpack/src/umfpack/CMakeFiles/umfpack.dir/umf_zl_assemble.c.o
[ 59%] Building C object umfpack/src/umfpack/CMakeFiles/umfpack.dir/umf_zl_blas3_update.c.o
[ 59%] Building C object umfpack/src/umfpack/CMakeFiles/umfpack.dir/umf_zl_build_tuples.c.o
[ 59%] Building C object umfpack/src/umfpack/CMakeFiles/umfpack.dir/umf_zl_create_element.c.o
[ 59%] Building C object umfpack/src/umfpack/CMakeFiles/umfpack.dir/umf_zl_dump.c.o
[ 59%] Building C object umfpack/src/umfpack/CMakeFiles/umfpack.dir/umf_zl_extend_front.c.o
[ 59%] Building C object umfpack/src/umfpack/CMakeFiles/umfpack.dir/umf_zl_garbage_collection.c.o
[ 59%] Building C object umfpack/src/umfpack/CMakeFiles/umfpack.dir/umf_zl_get_memory.c.o
[ 60%] Building C object umfpack/src/umfpack/CMakeFiles/umfpack.dir/umf_zl_init_front.c.o
[ 60%] Building C object umfpack/src/umfpack/CMakeFiles/umfpack.dir/umf_zl_kernel.c.o
[ 60%] Building C object umfpack/src/umfpack/CMakeFiles/umfpack.dir/umf_zl_kernel_init.c.o
[ 60%] Building C object umfpack/src/umfpack/CMakeFiles/umfpack.dir/umf_zl_kernel_wrapup.c.o
[ 60%] Building C object umfpack/src/umfpack/CMakeFiles/umfpack.dir/umf_zl_local_search.c.o
[ 60%] Building C object umfpack/src/umfpack/CMakeFiles/umfpack.dir/umf_zl_lsolve.c.o
[ 60%] Building C object umfpack/src/umfpack/CMakeFiles/umfpack.dir/umf_zl_ltsolve.c.o
[ 60%] Building C object umfpack/src/umfpack/CMakeFiles/umfpack.dir/umf_zl_mem_alloc_element.c.o
[ 60%] Building C object umfpack/src/umfpack/CMakeFiles/umfpack.dir/umf_zl_mem_alloc_head_block.c.o
[ 60%] Building C object umfpack/src/umfpack/CMakeFiles/umfpack.dir/umf_zl_mem_alloc_tail_block.c.o
[ 60%] Building C object umfpack/src/umfpack/CMakeFiles/umfpack.dir/umf_zl_mem_free_tail_block.c.o
[ 60%] Building C object umfpack/src/umfpack/CMakeFiles/umfpack.dir/umf_zl_mem_init_memoryspace.c.o
[ 60%] Building C object umfpack/src/umfpack/CMakeFiles/umfpack.dir/umf_zl_report_vector.c.o
[ 60%] Building C object umfpack/src/umfpack/CMakeFiles/umfpack.dir/umf_zl_row_search.c.o
[ 60%] Building C object umfpack/src/umfpack/CMakeFiles/umfpack.dir/umf_zl_scale_column.c.o
[ 61%] Building C object umfpack/src/umfpack/CMakeFiles/umfpack.dir/umf_zl_set_stats.c.o
[ 61%] Building C object umfpack/src/umfpack/CMakeFiles/umfpack.dir/umf_zl_solve.c.o
[ 61%] Building C object umfpack/src/umfpack/CMakeFiles/umfpack.dir/umf_zl_symbolic_usage.c.o
[ 61%] Building C object umfpack/src/umfpack/CMakeFiles/umfpack.dir/umf_zl_transpose.c.o
[ 61%] Building C object umfpack/src/umfpack/CMakeFiles/umfpack.dir/umf_zl_tuple_lengths.c.o
[ 61%] Building C object umfpack/src/umfpack/CMakeFiles/umfpack.dir/umf_zl_usolve.c.o
[ 61%] Building C object umfpack/src/umfpack/CMakeFiles/umfpack.dir/umf_zl_utsolve.c.o
[ 61%] Building C object umfpack/src/umfpack/CMakeFiles/umfpack.dir/umf_zl_valid_numeric.c.o
[ 61%] Building C object umfpack/src/umfpack/CMakeFiles/umfpack.dir/umf_zl_valid_symbolic.c.o
[ 61%] Building C object umfpack/src/umfpack/CMakeFiles/umfpack.dir/umf_zl_grow_front.c.o
[ 61%] Building C object umfpack/src/umfpack/CMakeFiles/umfpack.dir/umf_zl_start_front.c.o
[ 61%] Building C object umfpack/src/umfpack/CMakeFiles/umfpack.dir/umf_zl_2by2.c.o
[ 61%] Building C object umfpack/src/umfpack/CMakeFiles/umfpack.dir/umf_zl_store_lu.c.o
[ 61%] Building C object umfpack/src/umfpack/CMakeFiles/umfpack.dir/umf_zl_scale.c.o
[ 61%] Building C object umfpack/src/umfpack/CMakeFiles/umfpack.dir/umfpack_zl_wsolve.c.o
[ 62%] Building C object umfpack/src/umfpack/CMakeFiles/umfpack.dir/umfpack_zl_col_to_triplet.c.o
[ 62%] Building C object umfpack/src/umfpack/CMakeFiles/umfpack.dir/umfpack_zl_defaults.c.o
[ 62%] Building C object umfpack/src/umfpack/CMakeFiles/umfpack.dir/umfpack_zl_free_numeric.c.o
[ 62%] Building C object umfpack/src/umfpack/CMakeFiles/umfpack.dir/umfpack_zl_free_symbolic.c.o
[ 62%] Building C object umfpack/src/umfpack/CMakeFiles/umfpack.dir/umfpack_zl_get_numeric.c.o
[ 62%] Building C object umfpack/src/umfpack/CMakeFiles/umfpack.dir/umfpack_zl_get_lunz.c.o
[ 62%] Building C object umfpack/src/umfpack/CMakeFiles/umfpack.dir/umfpack_zl_get_symbolic.c.o
[ 62%] Building C object umfpack/src/umfpack/CMakeFiles/umfpack.dir/umfpack_zl_get_determinant.c.o
[ 62%] Building C object umfpack/src/umfpack/CMakeFiles/umfpack.dir/umfpack_zl_numeric.c.o
[ 62%] Building C object umfpack/src/umfpack/CMakeFiles/umfpack.dir/umfpack_zl_qsymbolic.c.o
[ 62%] Building C object umfpack/src/umfpack/CMakeFiles/umfpack.dir/umfpack_zl_report_control.c.o
[ 62%] Building C object umfpack/src/umfpack/CMakeFiles/umfpack.dir/umfpack_zl_report_info.c.o
[ 62%] Building C object umfpack/src/umfpack/CMakeFiles/umfpack.dir/umfpack_zl_report_matrix.c.o
[ 62%] Building C object umfpack/src/umfpack/CMakeFiles/umfpack.dir/umfpack_zl_report_numeric.c.o
[ 62%] Building C object umfpack/src/umfpack/CMakeFiles/umfpack.dir/umfpack_zl_report_perm.c.o
[ 63%] Building C object umfpack/src/umfpack/CMakeFiles/umfpack.dir/umfpack_zl_report_status.c.o
[ 63%] Building C object umfpack/src/umfpack/CMakeFiles/umfpack.dir/umfpack_zl_report_symbolic.c.o
[ 63%] Building C object umfpack/src/umfpack/CMakeFiles/umfpack.dir/umfpack_zl_report_triplet.c.o
[ 63%] Building C object umfpack/src/umfpack/CMakeFiles/umfpack.dir/umfpack_zl_solve.c.o
[ 63%] Building C object umfpack/src/umfpack/CMakeFiles/umfpack.dir/umfpack_zl_report_vector.c.o
[ 63%] Building C object umfpack/src/umfpack/CMakeFiles/umfpack.dir/umfpack_zl_transpose.c.o
[ 63%] Building C object umfpack/src/umfpack/CMakeFiles/umfpack.dir/umfpack_zl_symbolic.c.o
[ 63%] Building C object umfpack/src/umfpack/CMakeFiles/umfpack.dir/umfpack_zl_triplet_to_col.c.o
[ 63%] Building C object umfpack/src/umfpack/CMakeFiles/umfpack.dir/umfpack_zl_scale.c.o
[ 63%] Building C object umfpack/src/umfpack/CMakeFiles/umfpack.dir/umfpack_zl_load_numeric.c.o
[ 63%] Building C object umfpack/src/umfpack/CMakeFiles/umfpack.dir/umfpack_zl_save_numeric.c.o
[ 63%] Building C object umfpack/src/umfpack/CMakeFiles/umfpack.dir/umfpack_zl_load_symbolic.c.o
[ 63%] Building C object umfpack/src/umfpack/CMakeFiles/umfpack.dir/umfpack_zl_save_symbolic.c.o
[ 63%] Linking C static library libumfpack.a
[ 63%] Built target umfpack
[ 63%] Building Fortran object fem/src/CMakeFiles/elmersolver.dir/iso_varying_string.F90.o
[ 63%] Building Fortran object fem/src/CMakeFiles/elmersolver.dir/ExchangeCorrelations.F90.o
[ 63%] Building Fortran object fem/src/CMakeFiles/elmersolver.dir/Messages.F90.o
[ 63%] Building C object fem/src/CMakeFiles/elmersolver.dir/fft.c.o
[ 63%] Building C object fem/src/CMakeFiles/elmersolver.dir/Load.c.o
[ 63%] Building Fortran object fem/src/CMakeFiles/elmersolver.dir/Walls.F90.o
/home/acer/risc-v-hpc/ports/elmer/fem/src/Load.c: In function ‘matc_get_array’:
/home/acer/risc-v-hpc/ports/elmer/fem/src/Load.c:604:3: warning: implicit declaration of function ‘var_copy_transpose’ [-Wimplicit-function-declaration]
  604 |   var_copy_transpose(name,values,*nrows,*ncols);
      |   ^~~~~~~~~~~~~~~~~~
In file included from /usr/riscv64-linux-gnu/include/string.h:548,
                 from /home/acer/risc-v-hpc/ports/elmer/fem/src/Load.c:42:
In function ‘strncat’,
    inlined from ‘loadfunction_c’ at /home/acer/risc-v-hpc/ports/elmer/fem/src/Load.c:378:7:
/usr/riscv64-linux-gnu/include/bits/string_fortified.h:138:10: warning: ‘__builtin___strncat_chk’ specified bound 1024 equals destination size [-Wstringop-overflow=]
  138 |   return __builtin___strncat_chk (__dest, __src, __len,
      |          ^~~~~~~~~~~~~~~~~~~~~~~~~~~~~~~~~~~~~~~~~~~~~~
  139 |                                   __glibc_objsize (__dest));
      |                                   ~~~~~~~~~~~~~~~~~~~~~~~~~
In function ‘strncat’,
    inlined from ‘loadfunction_c’ at /home/acer/risc-v-hpc/ports/elmer/fem/src/Load.c:383:10:
/usr/riscv64-linux-gnu/include/bits/string_fortified.h:138:10: warning: ‘__builtin___strncat_chk’ specified bound 1024 equals destination size [-Wstringop-overflow=]
  138 |   return __builtin___strncat_chk (__dest, __src, __len,
      |          ^~~~~~~~~~~~~~~~~~~~~~~~~~~~~~~~~~~~~~~~~~~~~~
  139 |                                   __glibc_objsize (__dest));
      |                                   ~~~~~~~~~~~~~~~~~~~~~~~~~
In function ‘strncat’,
    inlined from ‘loadfunction_c’ at /home/acer/risc-v-hpc/ports/elmer/fem/src/Load.c:407:7:
/usr/riscv64-linux-gnu/include/bits/string_fortified.h:138:10: warning: ‘__builtin___strncat_chk’ specified bound 1024 equals destination size [-Wstringop-overflow=]
  138 |   return __builtin___strncat_chk (__dest, __src, __len,
      |          ^~~~~~~~~~~~~~~~~~~~~~~~~~~~~~~~~~~~~~~~~~~~~~
  139 |                                   __glibc_objsize (__dest));
      |                                   ~~~~~~~~~~~~~~~~~~~~~~~~~
In function ‘strncat’,
    inlined from ‘append_path’ at /home/acer/risc-v-hpc/ports/elmer/fem/src/Load.c:265:5,
    inlined from ‘try_open_solver’ at /home/acer/risc-v-hpc/ports/elmer/fem/src/Load.c:328:13,
    inlined from ‘loadfunction_c’ at /home/acer/risc-v-hpc/ports/elmer/fem/src/Load.c:410:4:
/usr/riscv64-linux-gnu/include/bits/string_fortified.h:138:10: warning: ‘__builtin___strncat_chk’ specified bound 1024 equals destination size [-Wstringop-overflow=]
  138 |   return __builtin___strncat_chk (__dest, __src, __len,
      |          ^~~~~~~~~~~~~~~~~~~~~~~~~~~~~~~~~~~~~~~~~~~~~~
  139 |                                   __glibc_objsize (__dest));
      |                                   ~~~~~~~~~~~~~~~~~~~~~~~~~
[ 64%] Building C object fem/src/CMakeFiles/elmersolver.dir/CPUTime.c.o
[ 64%] Building Fortran object fem/src/CMakeFiles/elmersolver.dir/solve_real.F90.o
[ 64%] Building C object fem/src/CMakeFiles/elmersolver.dir/f_stubs.c.o
[ 64%] Building C object fem/src/CMakeFiles/elmersolver.dir/SolveHypre.c.o
[ 65%] Building CXX object fem/src/CMakeFiles/elmersolver.dir/SolveTrilinos.cxx.o
[ 65%] Building C object fem/src/CMakeFiles/elmersolver.dir/SolveSuperLU.c.o
[ 65%] Building C object fem/src/CMakeFiles/elmersolver.dir/umf4_f77wrapper.c.o
/home/acer/risc-v-hpc/ports/elmer/fem/src/umf4_f77wrapper.c: In function ‘umf4def’:
/home/acer/risc-v-hpc/ports/elmer/fem/src/umf4_f77wrapper.c:101:34: warning: implicit declaration of function ‘umfpack_di_defaults’; did you mean ‘UMFPACK_defaults’? [-Wimplicit-function-declaration]
  101 | #define UMFPACK_defaults         umfpack_di_defaults
      |                                  ^~~~~~~~~~~~~~~~~~~
/home/acer/risc-v-hpc/ports/elmer/fem/src/umf4_f77wrapper.c:127:5: note: in expansion of macro ‘UMFPACK_defaults’
  127 |     UMFPACK_defaults (Control) ;
      |     ^~~~~~~~~~~~~~~~
/home/acer/risc-v-hpc/ports/elmer/fem/src/umf4_f77wrapper.c: In function ‘umf4sym’:
/home/acer/risc-v-hpc/ports/elmer/fem/src/umf4_f77wrapper.c:113:34: warning: implicit declaration of function ‘umfpack_di_symbolic’; did you mean ‘UMFPACK_symbolic’? [-Wimplicit-function-declaration]
  113 | #define UMFPACK_symbolic         umfpack_di_symbolic
      |                                  ^~~~~~~~~~~~~~~~~~~
/home/acer/risc-v-hpc/ports/elmer/fem/src/umf4_f77wrapper.c:143:12: note: in expansion of macro ‘UMFPACK_symbolic’
  143 |     (void) UMFPACK_symbolic (*m, *n, Ap, Ai, Ax, Symbolic, Control, Info) ;
      |            ^~~~~~~~~~~~~~~~
/home/acer/risc-v-hpc/ports/elmer/fem/src/umf4_f77wrapper.c: In function ‘umf4num’:
/home/acer/risc-v-hpc/ports/elmer/fem/src/umf4_f77wrapper.c:104:34: warning: implicit declaration of function ‘umfpack_di_numeric’; did you mean ‘UMFPACK_numeric’? [-Wimplicit-function-declaration]
  104 | #define UMFPACK_numeric          umfpack_di_numeric
      |                                  ^~~~~~~~~~~~~~~~~~
/home/acer/risc-v-hpc/ports/elmer/fem/src/umf4_f77wrapper.c:158:12: note: in expansion of macro ‘UMFPACK_numeric’
  158 |     (void) UMFPACK_numeric (Ap, Ai, Ax, *Symbolic, Numeric, Control, Info);
      |            ^~~~~~~~~~~~~~~
/home/acer/risc-v-hpc/ports/elmer/fem/src/umf4_f77wrapper.c: In function ‘umf4solr’:
/home/acer/risc-v-hpc/ports/elmer/fem/src/umf4_f77wrapper.c:112:34: warning: implicit declaration of function ‘umfpack_di_solve’ [-Wimplicit-function-declaration]
  112 | #define UMFPACK_solve            umfpack_di_solve
      |                                  ^~~~~~~~~~~~~~~~
/home/acer/risc-v-hpc/ports/elmer/fem/src/umf4_f77wrapper.c:173:12: note: in expansion of macro ‘UMFPACK_solve’
  173 |     (void) UMFPACK_solve (*sys, Ap, Ai, Ax, x, b, *Numeric, Control, Info) ;
      |            ^~~~~~~~~~~~~
/home/acer/risc-v-hpc/ports/elmer/fem/src/umf4_f77wrapper.c: In function ‘umf4fnum’:
/home/acer/risc-v-hpc/ports/elmer/fem/src/umf4_f77wrapper.c:102:34: warning: implicit declaration of function ‘umfpack_di_free_numeric’; did you mean ‘UMFPACK_free_numeric’? [-Wimplicit-function-declaration]
  102 | #define UMFPACK_free_numeric     umfpack_di_free_numeric
      |                                  ^~~~~~~~~~~~~~~~~~~~~~~
/home/acer/risc-v-hpc/ports/elmer/fem/src/umf4_f77wrapper.c:202:5: note: in expansion of macro ‘UMFPACK_free_numeric’
  202 |     UMFPACK_free_numeric (Numeric) ;
      |     ^~~~~~~~~~~~~~~~~~~~
/home/acer/risc-v-hpc/ports/elmer/fem/src/umf4_f77wrapper.c: In function ‘umf4fsym’:
/home/acer/risc-v-hpc/ports/elmer/fem/src/umf4_f77wrapper.c:103:34: warning: implicit declaration of function ‘umfpack_di_free_symbolic’; did you mean ‘UMFPACK_free_symbolic’? [-Wimplicit-function-declaration]
  103 | #define UMFPACK_free_symbolic    umfpack_di_free_symbolic
      |                                  ^~~~~~~~~~~~~~~~~~~~~~~~
/home/acer/risc-v-hpc/ports/elmer/fem/src/umf4_f77wrapper.c:215:5: note: in expansion of macro ‘UMFPACK_free_symbolic’
  215 |     UMFPACK_free_symbolic (Symbolic) ;
      |     ^~~~~~~~~~~~~~~~~~~~~
/home/acer/risc-v-hpc/ports/elmer/fem/src/umf4_f77wrapper.c: In function ‘umf4_l_def’:
/home/acer/risc-v-hpc/ports/elmer/fem/src/umf4_f77wrapper.c:236:34: warning: implicit declaration of function ‘umfpack_dl_defaults’; did you mean ‘UMFPACK_defaults’? [-Wimplicit-function-declaration]
  236 | #define UMFPACK_defaults         umfpack_dl_defaults
      |                                  ^~~~~~~~~~~~~~~~~~~
/home/acer/risc-v-hpc/ports/elmer/fem/src/umf4_f77wrapper.c:259:5: note: in expansion of macro ‘UMFPACK_defaults’
  259 |     UMFPACK_defaults (Control) ;
      |     ^~~~~~~~~~~~~~~~
/home/acer/risc-v-hpc/ports/elmer/fem/src/umf4_f77wrapper.c: In function ‘umf4_l_sym’:
/home/acer/risc-v-hpc/ports/elmer/fem/src/umf4_f77wrapper.c:248:34: warning: implicit declaration of function ‘umfpack_dl_symbolic’; did you mean ‘UMFPACK_symbolic’? [-Wimplicit-function-declaration]
  248 | #define UMFPACK_symbolic         umfpack_dl_symbolic
      |                                  ^~~~~~~~~~~~~~~~~~~
/home/acer/risc-v-hpc/ports/elmer/fem/src/umf4_f77wrapper.c:274:12: note: in expansion of macro ‘UMFPACK_symbolic’
  274 |     (void) UMFPACK_symbolic (*m, *n, Ap, Ai, Ax, Symbolic, Control, Info) ;
      |            ^~~~~~~~~~~~~~~~
/home/acer/risc-v-hpc/ports/elmer/fem/src/umf4_f77wrapper.c: In function ‘umf4_l_num’:
/home/acer/risc-v-hpc/ports/elmer/fem/src/umf4_f77wrapper.c:239:34: warning: implicit declaration of function ‘umfpack_dl_numeric’; did you mean ‘UMFPACK_numeric’? [-Wimplicit-function-declaration]
  239 | #define UMFPACK_numeric          umfpack_dl_numeric
      |                                  ^~~~~~~~~~~~~~~~~~
/home/acer/risc-v-hpc/ports/elmer/fem/src/umf4_f77wrapper.c:289:12: note: in expansion of macro ‘UMFPACK_numeric’
  289 |     (void) UMFPACK_numeric (Ap, Ai, Ax, *Symbolic, Numeric, Control, Info);
      |            ^~~~~~~~~~~~~~~
/home/acer/risc-v-hpc/ports/elmer/fem/src/umf4_f77wrapper.c: In function ‘umf4_l_solr’:
/home/acer/risc-v-hpc/ports/elmer/fem/src/umf4_f77wrapper.c:247:34: warning: implicit declaration of function ‘umfpack_dl_solve’ [-Wimplicit-function-declaration]
  247 | #define UMFPACK_solve            umfpack_dl_solve
      |                                  ^~~~~~~~~~~~~~~~
/home/acer/risc-v-hpc/ports/elmer/fem/src/umf4_f77wrapper.c:304:12: note: in expansion of macro ‘UMFPACK_solve’
  304 |     (void) UMFPACK_solve (*sys, Ap, Ai, Ax, x, b, *Numeric, Control, Info) ;
      |            ^~~~~~~~~~~~~
/home/acer/risc-v-hpc/ports/elmer/fem/src/umf4_f77wrapper.c: In function ‘umf4_l_fnum’:
/home/acer/risc-v-hpc/ports/elmer/fem/src/umf4_f77wrapper.c:237:34: warning: implicit declaration of function ‘umfpack_dl_free_numeric’; did you mean ‘UMFPACK_free_numeric’? [-Wimplicit-function-declaration]
  237 | #define UMFPACK_free_numeric     umfpack_dl_free_numeric
      |                                  ^~~~~~~~~~~~~~~~~~~~~~~
/home/acer/risc-v-hpc/ports/elmer/fem/src/umf4_f77wrapper.c:332:5: note: in expansion of macro ‘UMFPACK_free_numeric’
  332 |     UMFPACK_free_numeric (Numeric) ;
      |     ^~~~~~~~~~~~~~~~~~~~
/home/acer/risc-v-hpc/ports/elmer/fem/src/umf4_f77wrapper.c: In function ‘umf4_l_fsym’:
/home/acer/risc-v-hpc/ports/elmer/fem/src/umf4_f77wrapper.c:238:34: warning: implicit declaration of function ‘umfpack_dl_free_symbolic’; did you mean ‘UMFPACK_free_symbolic’? [-Wimplicit-function-declaration]
  238 | #define UMFPACK_free_symbolic    umfpack_dl_free_symbolic
      |                                  ^~~~~~~~~~~~~~~~~~~~~~~~
/home/acer/risc-v-hpc/ports/elmer/fem/src/umf4_f77wrapper.c:345:5: note: in expansion of macro ‘UMFPACK_free_symbolic’
  345 |     UMFPACK_free_symbolic (Symbolic) ;
      |     ^~~~~~~~~~~~~~~~~~~~~
[ 65%] Building C object fem/src/CMakeFiles/elmersolver.dir/cholmod.c.o
[ 65%] Building Fortran object fem/src/CMakeFiles/elmersolver.dir/Types.F90.o
[ 65%] Building Fortran object fem/src/CMakeFiles/elmersolver.dir/LoadMod.F90.o
[ 65%] Building Fortran object fem/src/CMakeFiles/elmersolver.dir/SParIterGlobals.F90.o
[ 65%] Building Fortran object fem/src/CMakeFiles/elmersolver.dir/CoordinateSystems.F90.o
[ 65%] Building Fortran object fem/src/CMakeFiles/elmersolver.dir/PElementMaps.F90.o
[ 65%] Building Fortran object fem/src/CMakeFiles/elmersolver.dir/H1Basis.F90.o
[ 65%] Building Fortran object fem/src/CMakeFiles/elmersolver.dir/LinearAlgebra.F90.o
[ 65%] Building Fortran object fem/src/CMakeFiles/elmersolver.dir/LUDecomposition.F90.o
[ 65%] Building Fortran object fem/src/CMakeFiles/elmersolver.dir/LinearForms.F90.o
/home/acer/risc-v-hpc/ports/elmer/fem/src/LinearForms.F90:414:31:

  414 |     CALL DGEMV('N', m, n, 1D0, U, SIZE(U,1), F, 1, 0D0, ProjectToU, 1)
      |                               1
......
  480 |               1D0, U(ii,1), SIZE(U,1), wrk, 1, 1D0, UdotF, 1)
      |                   2            
Warning: Rank mismatch between actual argument at (1) and actual argument at (2) (scalar and rank-2)
/home/acer/risc-v-hpc/ports/elmer/fem/src/LinearForms.F90:401:20:

  401 |                1D0, U(ii,1), ldbasis, &
      |                    1
......
  424 |     CALL DGEMM('N', 'N', m, SIZE(F,2), n, 1D0, U, SIZE(U,1), F, SIZE(F,1), &
      |                                               2
Warning: Element of assumed-shape or pointer array as actual argument at (1) cannot correspond to actual argument at (2)
/home/acer/risc-v-hpc/ports/elmer/fem/src/LinearForms.F90:329:20:

  329 |                1D0, U(ii,1), ldbasis, &
      |                    1
......
  424 |     CALL DGEMM('N', 'N', m, SIZE(F,2), n, 1D0, U, SIZE(U,1), F, SIZE(F,1), &
      |                                               2
Warning: Element of assumed-shape or pointer array as actual argument at (1) cannot correspond to actual argument at (2)
/home/acer/risc-v-hpc/ports/elmer/fem/src/LinearForms.F90:255:21:

  255 |                 1D0, U(ii,1), lbasis, &
      |                     1
......
  424 |     CALL DGEMM('N', 'N', m, SIZE(F,2), n, 1D0, U, SIZE(U,1), F, SIZE(F,1), &
      |                                               2
Warning: Element of assumed-shape or pointer array as actual argument at (1) cannot correspond to actual argument at (2)
/home/acer/risc-v-hpc/ports/elmer/fem/src/LinearForms.F90:133:21:

  133 |                 1D0, GradU(ii,1,k), ldbasis, &
      |                     1
......
  424 |     CALL DGEMM('N', 'N', m, SIZE(F,2), n, 1D0, U, SIZE(U,1), F, SIZE(F,1), &
      |                                               2
Warning: Element of assumed-shape or pointer array as actual argument at (1) cannot correspond to actual argument at (2)
[ 65%] Building Fortran object fem/src/CMakeFiles/elmersolver.dir/AddrFunc.F90.o
[ 65%] Building Fortran object fem/src/CMakeFiles/elmersolver.dir/SolveBand.F90.o
[ 65%] Building Fortran object fem/src/CMakeFiles/elmersolver.dir/SolveSBand.F90.o
[ 65%] Building Fortran object fem/src/CMakeFiles/elmersolver.dir/solve_cmplx.F90.o
[ 65%] Building Fortran object fem/src/CMakeFiles/elmersolver.dir/PElementBase.F90.o
[ 65%] Building Fortran object fem/src/CMakeFiles/elmersolver.dir/GeneralUtils.F90.o
[ 65%] Building Fortran object fem/src/CMakeFiles/elmersolver.dir/Integration.F90.o
[ 65%] Building Fortran object fem/src/CMakeFiles/elmersolver.dir/BandMatrix.F90.o
[ 65%] Building Fortran object fem/src/CMakeFiles/elmersolver.dir/Lists.F90.o
[ 65%] Building Fortran object fem/src/CMakeFiles/elmersolver.dir/SParIterComm.F90.o
[ 65%] Building Fortran object fem/src/CMakeFiles/elmersolver.dir/ListMatrixArray.F90.o
/home/acer/risc-v-hpc/ports/elmer/fem/src/SParIterComm.F90:4711:25:

 4711 |      CALL MPI_ALLREDUCE( ssum, tsum, 1, MPI_DOUBLE_PRECISION, &
      |                         1
......
 4827 |   CALL MPI_ALLREDUCE( dsum, dres, 1, MPI_DOUBLE_COMPLEX, &
      |                      2   
Warning: Type mismatch between actual argument at (1) and actual argument at (2) (REAL(8)/COMPLEX(8)).
/home/acer/risc-v-hpc/ports/elmer/fem/src/SParIterComm.F90:4711:31:

 4711 |      CALL MPI_ALLREDUCE( ssum, tsum, 1, MPI_DOUBLE_PRECISION, &
      |                               1
......
 4827 |   CALL MPI_ALLREDUCE( dsum, dres, 1, MPI_DOUBLE_COMPLEX, &
      |                            2   
Warning: Type mismatch between actual argument at (1) and actual argument at (2) (REAL(8)/COMPLEX(8)).
/home/acer/risc-v-hpc/ports/elmer/fem/src/SParIterComm.F90:4475:19:

 4475 |     CALL MPI_BSEND(L(nj),1,MPI_INTEGER,j,6000,ELMER_COMM_WORLD, ierr)
      |                   1
......
 4549 |        CALL MPI_BSEND( VecL(nj) % rbuf, L(nj), MPI_DOUBLE_PRECISION, &
      |                       2
Warning: Type mismatch between actual argument at (1) and actual argument at (2) (INTEGER(4)/REAL(8)).
/home/acer/risc-v-hpc/ports/elmer/fem/src/SParIterComm.F90:4421:23:

 4421 |         CALL MPI_RECV( DPBuffer, VecLen, MPI_DOUBLE_PRECISION, &
      |                       1
......
 4577 |      CALL MPI_RECV( Veclen, 1, MPI_INTEGER, neigh(i), &
      |                    2   
Warning: Type mismatch between actual argument at (1) and actual argument at (2) (REAL(8)/INTEGER(4)).
/home/acer/risc-v-hpc/ports/elmer/fem/src/SParIterComm.F90:4249:21:

 4249 |       CALL MPI_RECV( Gindices, veclen, MPI_INTEGER, sproc, &
      |                     1
......
 4577 |      CALL MPI_RECV( Veclen, 1, MPI_INTEGER, neigh(i), &
      |                    2 
Warning: Rank mismatch between actual argument at (1) and actual argument at (2) (scalar and rank-1)
/home/acer/risc-v-hpc/ports/elmer/fem/src/SParIterComm.F90:4089:24:

 4036 |     CALL MPI_iRECV( recv_size(i), 1, MPI_INTEGER, &
      |                    2    
......
 4089 |         CALL MPI_iRECV( recv_buf(i) % vec, datalen, MPI_DOUBLE_PRECISION, &
      |                        1
Warning: Type mismatch between actual argument at (1) and actual argument at (2) (REAL(8)/INTEGER(4)).
/home/acer/risc-v-hpc/ports/elmer/fem/src/SParIterComm.F90:2159:23:

 2159 |         CALL MPI_RECV( gindices, 3*DataSize, MPI_INTEGER, i-1, 400, ELMER_COMM_WORLD, status, ierr )
      |                       1
......
 4577 |      CALL MPI_RECV( Veclen, 1, MPI_INTEGER, neigh(i), &
      |                    2   
Warning: Rank mismatch between actual argument at (1) and actual argument at (2) (scalar and rank-1)
/home/acer/risc-v-hpc/ports/elmer/fem/src/SParIterComm.F90:2261:23:

 2261 |         CALL MPI_RECV( IntArray, DataSize, MPI_INTEGER, i-1, 950, ELMER_COMM_WORLD, status, ierr )
      |                       1
......
 4577 |      CALL MPI_RECV( Veclen, 1, MPI_INTEGER, neigh(i), &
      |                    2   
Warning: Rank mismatch between actual argument at (1) and actual argument at (2) (scalar and rank-1)
/home/acer/risc-v-hpc/ports/elmer/fem/src/SParIterComm.F90:2323:23:

 2323 |         CALL MPI_RECV( IntArray, DataSize, MPI_INTEGER, i-1, 1800, ELMER_COMM_WORLD, status, ierr )
      |                       1
......
 4577 |      CALL MPI_RECV( Veclen, 1, MPI_INTEGER, neigh(i), &
      |                    2   
Warning: Rank mismatch between actual argument at (1) and actual argument at (2) (scalar and rank-1)
/home/acer/risc-v-hpc/ports/elmer/fem/src/SParIterComm.F90:2406:51:

 2406 |         CALL MPI_FINALIZE( ELMER_COMM_WORLD, ierr )
      |                                                   1
Warning: More actual than formal arguments in procedure call at (1)
/home/acer/risc-v-hpc/ports/elmer/fem/src/SParIterComm.F90:1533:23:

 1533 |         CALL MPI_RECV( gindices, 4*DataSize, MPI_INTEGER, &
      |                       1
......
 4577 |      CALL MPI_RECV( Veclen, 1, MPI_INTEGER, neigh(i), &
      |                    2   
Warning: Rank mismatch between actual argument at (1) and actual argument at (2) (scalar and rank-1)
/home/acer/risc-v-hpc/ports/elmer/fem/src/SParIterComm.F90:1576:22:

 1576 |        CALL MPI_RECV( gindices, DataSize, MPI_INTEGER, &
      |                      1
......
 4577 |      CALL MPI_RECV( Veclen, 1, MPI_INTEGER, neigh(i), &
      |                    2  
Warning: Rank mismatch between actual argument at (1) and actual argument at (2) (scalar and rank-1)
/home/acer/risc-v-hpc/ports/elmer/fem/src/SParIterComm.F90:1776:23:

 1776 |         CALL MPI_RECV( buf, DataSize*2, MPI_INTEGER, &
      |                       1
......
 4577 |      CALL MPI_RECV( Veclen, 1, MPI_INTEGER, neigh(i), &
      |                    2   
Warning: Rank mismatch between actual argument at (1) and actual argument at (2) (scalar and rank-1)
/home/acer/risc-v-hpc/ports/elmer/fem/src/SParIterComm.F90:898:24:

  898 |          CALL MPI_RECV( gindices, 3*DataSize, MPI_INTEGER, &
      |                        1
......
 4577 |      CALL MPI_RECV( Veclen, 1, MPI_INTEGER, neigh(i), &
      |                    2    
Warning: Rank mismatch between actual argument at (1) and actual argument at (2) (scalar and rank-1)
/home/acer/risc-v-hpc/ports/elmer/fem/src/SParIterComm.F90:947:21:

  947 |       CALL MPI_RECV( gindices, DataSize, MPI_INTEGER, &
      |                     1
......
 4577 |      CALL MPI_RECV( Veclen, 1, MPI_INTEGER, neigh(i), &
      |                    2 
Warning: Rank mismatch between actual argument at (1) and actual argument at (2) (scalar and rank-1)
/home/acer/risc-v-hpc/ports/elmer/fem/src/SParIterComm.F90:1044:24:

 1044 |          CALL MPI_RECV( gindices, DataSize, MPI_INTEGER, &
      |                        1
......
 4577 |      CALL MPI_RECV( Veclen, 1, MPI_INTEGER, neigh(i), &
      |                    2    
Warning: Rank mismatch between actual argument at (1) and actual argument at (2) (scalar and rank-1)
/home/acer/risc-v-hpc/ports/elmer/fem/src/SParIterComm.F90:1236:23:

 1236 |         CALL MPI_RECV( buf, DataSize*2, MPI_INTEGER, &
      |                       1
......
 4577 |      CALL MPI_RECV( Veclen, 1, MPI_INTEGER, neigh(i), &
      |                    2   
Warning: Rank mismatch between actual argument at (1) and actual argument at (2) (scalar and rank-1)
/home/acer/risc-v-hpc/ports/elmer/fem/src/SParIterComm.F90:312:23:

  312 |         CALL MPI_RECV( Active, n, MPI_INTEGER, MinActive, &
      |                       1
......
 4577 |      CALL MPI_RECV( Veclen, 1, MPI_INTEGER, neigh(i), &
      |                    2   
Warning: Rank mismatch between actual argument at (1) and actual argument at (2) (scalar and rank-1)
/home/acer/risc-v-hpc/ports/elmer/fem/src/SParIterComm.F90:333:25:

  333 |           CALL MPI_RECV( Active, n, MPI_INTEGER, proc, &
      |                         1
......
 4577 |      CALL MPI_RECV( Veclen, 1, MPI_INTEGER, neigh(i), &
      |                    2     
Warning: Rank mismatch between actual argument at (1) and actual argument at (2) (scalar and rank-1)
/home/acer/risc-v-hpc/ports/elmer/fem/src/SParIterComm.F90:427:67:

  427 |         CALL MPI_BSEND(j,1,MPI_INTEGER,i-1, 20000,ELMER_COMM_WORLD,status,ierr)
      |                                                                   1
......
 4550 |                 Neigh(nj), 6001, ELMER_COMM_WORLD, Ierr )
      |                                                   2                
Warning: Rank mismatch between actual argument at (1) and actual argument at (2) (scalar and rank-1)
/home/acer/risc-v-hpc/ports/elmer/fem/src/SParIterComm.F90:427:79:

  427 |         CALL MPI_BSEND(j,1,MPI_INTEGER,i-1, 20000,ELMER_COMM_WORLD,status,ierr)
      |                                                                               1
Warning: More actual than formal arguments in procedure call at (1)
/home/acer/risc-v-hpc/ports/elmer/fem/src/SParIterComm.F90:428:77:

  428 |         IF (j>0) CALL MPI_BSEND(buf,j,MPI_INTEGER,i-1,20001,ELMER_COMM_WORLD,status,ierr)
      |                                                                             1
......
 4550 |                 Neigh(nj), 6001, ELMER_COMM_WORLD, Ierr )
      |                                                   2                          
Warning: Rank mismatch between actual argument at (1) and actual argument at (2) (scalar and rank-1)
/home/acer/risc-v-hpc/ports/elmer/fem/src/SParIterComm.F90:428:89:

  428 |         IF (j>0) CALL MPI_BSEND(buf,j,MPI_INTEGER,i-1,20001,ELMER_COMM_WORLD,status,ierr)
      |                                                                                         1
Warning: More actual than formal arguments in procedure call at (1)
/home/acer/risc-v-hpc/ports/elmer/fem/src/SParIterComm.F90:438:25:

  438 |           CALL MPI_RECV( buf,sz,MPI_INTEGER,proc,20001,ELMER_COMM_WORLD,status,ierr)
      |                         1
......
 4577 |      CALL MPI_RECV( Veclen, 1, MPI_INTEGER, neigh(i), &
      |                    2     
Warning: Rank mismatch between actual argument at (1) and actual argument at (2) (scalar and rank-1)
[ 65%] Building Fortran object fem/src/CMakeFiles/elmersolver.dir/SParIterPrecond.F90.o
[ 65%] Building Fortran object fem/src/CMakeFiles/elmersolver.dir/CRSMatrix.F90.o
[ 65%] Building Fortran object fem/src/CMakeFiles/elmersolver.dir/ElementDescription.F90.o
[ 66%] Building Fortran object fem/src/CMakeFiles/elmersolver.dir/TimeIntegrate.F90.o
[ 66%] Building Fortran object fem/src/CMakeFiles/elmersolver.dir/HashTable.F90.o
[ 66%] Building Fortran object fem/src/CMakeFiles/elmersolver.dir/SaveUtils.F90.o
[ 66%] Building Fortran object fem/src/CMakeFiles/elmersolver.dir/ListMatrix.F90.o
[ 66%] Building Fortran object fem/src/CMakeFiles/elmersolver.dir/IterativeMethods.F90.o
[ 66%] Building Fortran object fem/src/CMakeFiles/elmersolver.dir/IterSolve.F90.o
[ 66%] Building Fortran object fem/src/CMakeFiles/elmersolver.dir/SParIterSolver.F90.o
/home/acer/risc-v-hpc/ports/elmer/fem/src/SParIterSolver.F90:1352:27:

 1275 |        CALL MPI_BSEND( gind, 1, MPI_INTEGER, &
      |                       2    
......
 1352 |            CALL MPI_BSEND( buf_a(1:ssz,k),ssz,MPI_INTEGER,i-1,803,ELMER_COMM_WORLD,ierr )
      |                           1
Warning: Rank mismatch between actual argument at (1) and actual argument at (2) (scalar and rank-1)
/home/acer/risc-v-hpc/ports/elmer/fem/src/SParIterSolver.F90:1353:27:

 1275 |        CALL MPI_BSEND( gind, 1, MPI_INTEGER, &
      |                       2    
......
 1353 |            CALL MPI_BSEND( buf_g(1:ssz,k),ssz,MPI_INTEGER,i-1,804,ELMER_COMM_WORLD,ierr )
      |                           1
Warning: Rank mismatch between actual argument at (1) and actual argument at (2) (scalar and rank-1)
/home/acer/risc-v-hpc/ports/elmer/fem/src/SParIterSolver.F90:1366:24:

 1249 |        CALL MPI_RECV( gind, 1, MPI_INTEGER, &
      |                      2  
......
 1366 |          CALL MPI_RECV( buf_aa,ssz,MPI_INTEGER,src,803,ELMER_COMM_WORLD,status,ierr )
      |                        1
Warning: Rank mismatch between actual argument at (1) and actual argument at (2) (scalar and rank-1)
/home/acer/risc-v-hpc/ports/elmer/fem/src/SParIterSolver.F90:1367:24:

 1249 |        CALL MPI_RECV( gind, 1, MPI_INTEGER, &
      |                      2  
......
 1367 |          CALL MPI_RECV( buf_gg,ssz,MPI_INTEGER,src,804,ELMER_COMM_WORLD,status,ierr )
      |                        1
Warning: Rank mismatch between actual argument at (1) and actual argument at (2) (scalar and rank-1)
[ 66%] Building Fortran object fem/src/CMakeFiles/elmersolver.dir/ParallelUtils.F90.o
[ 66%] Building Fortran object fem/src/CMakeFiles/elmersolver.dir/DirectSolve.F90.o
/home/acer/risc-v-hpc/ports/elmer/fem/src/ParallelUtils.F90:455:32:

  453 |                CALL MPI_BSEND( j,1,MPI_INTEGER,i-1,130,Matrix % Comm,ierr )
      |                               2 
  454 |                IF (j>0) THEN
  455 |                  CALL MPI_BSEND(G % Cols(G % Rows(i):),j,MPI_INTEGER,i-1,131,Matrix % Comm,ierr )
      |                                1
Warning: Rank mismatch between actual argument at (1) and actual argument at (2) (scalar and rank-1)
/home/acer/risc-v-hpc/ports/elmer/fem/src/ParallelUtils.F90:470:29:

  463 |              CALL MPI_RECV( j,1,MPI_INTEGER,MPI_ANY_SOURCE,130,Matrix % Comm,status,ierr )
      |                            2 
......
  470 |                CALL MPI_RECV(owneddofs,j,MPI_INTEGER,status(MPI_SOURCE),131,Matrix % Comm,status,ierr )
      |                             1
Warning: Rank mismatch between actual argument at (1) and actual argument at (2) (scalar and rank-1)
[ 66%] Building Fortran object fem/src/CMakeFiles/elmersolver.dir/BackwardError.F90.o
[ 66%] Building Fortran object fem/src/CMakeFiles/elmersolver.dir/BandwidthOptimize.F90.o
[ 66%] Building Fortran object fem/src/CMakeFiles/elmersolver.dir/Differentials.F90.o
[ 66%] Building Fortran object fem/src/CMakeFiles/elmersolver.dir/Interpolation.F90.o
[ 66%] Building Fortran object fem/src/CMakeFiles/elmersolver.dir/Maxwell.F90.o
[ 66%] Building Fortran object fem/src/CMakeFiles/elmersolver.dir/MaxwellAxiS.F90.o
[ 66%] Building Fortran object fem/src/CMakeFiles/elmersolver.dir/MaxwellGeneral.F90.o
[ 66%] Building Fortran object fem/src/CMakeFiles/elmersolver.dir/StressGeneral.F90.o
[ 66%] Building Fortran object fem/src/CMakeFiles/elmersolver.dir/ElementUtils.F90.o
[ 66%] Building Fortran object fem/src/CMakeFiles/elmersolver.dir/MeshUtils.F90.o
/home/acer/risc-v-hpc/ports/elmer/fem/src/MeshUtils.F90:22186:26:

22183 |          CALL MPI_RECV( cnt,1,MPI_INTEGER,i-1,1310,ELMER_COMM_WORLD,status,ierr )
      |                        2  
......
22186 |            CALL MPI_RECV( gdof,cnt,MPI_INTEGER,i-1,1311,ELMER_COMM_WORLD,status,ierr )
      |                          1
Warning: Rank mismatch between actual argument at (1) and actual argument at (2) (scalar and rank-1)
/home/acer/risc-v-hpc/ports/elmer/fem/src/MeshUtils.F90:22187:26:

22183 |          CALL MPI_RECV( cnt,1,MPI_INTEGER,i-1,1310,ELMER_COMM_WORLD,status,ierr )
      |                        2  
......
22187 |            CALL MPI_RECV( ival,cnt,MPI_INTEGER,i-1,1312,ELMER_COMM_WORLD,status,ierr )
      |                          1
Warning: Rank mismatch between actual argument at (1) and actual argument at (2) (scalar and rank-1)
/home/acer/risc-v-hpc/ports/elmer/fem/src/MeshUtils.F90:22188:26:

22183 |          CALL MPI_RECV( cnt,1,MPI_INTEGER,i-1,1310,ELMER_COMM_WORLD,status,ierr )
      |                        2  
......
22188 |            CALL MPI_RECV( dval,cnt,MPI_DOUBLE_PRECISION,i-1,1313,ELMER_COMM_WORLD,status,ierr )
      |                          1
Warning: Type mismatch between actual argument at (1) and actual argument at (2) (REAL(8)/INTEGER(4)).
/home/acer/risc-v-hpc/ports/elmer/fem/src/MeshUtils.F90:22168:27:

22164 |          CALL MPI_BSEND( cnt(i),1,MPI_INTEGER,i-1,1310,ELMER_COMM_WORLD,ierr )
      |                         2  
......
22168 |            CALL MPI_BSEND( buf(i) % dval,cnt(i),MPI_DOUBLE_PRECISION,i-1,1313,ELMER_COMM_WORLD,ierr )
      |                           1
Warning: Type mismatch between actual argument at (1) and actual argument at (2) (REAL(8)/INTEGER(4)).
/home/acer/risc-v-hpc/ports/elmer/fem/src/MeshUtils.F90:18192:25:

18192 |           CALL MPI_RECV( r_e,n,MPI_INTEGER,j-1,111,ELMER_COMM_WORLD,status,ierr )
      |                         1
......
22183 |          CALL MPI_RECV( cnt,1,MPI_INTEGER,i-1,1310,ELMER_COMM_WORLD,status,ierr )
      |                        2 
Warning: Rank mismatch between actual argument at (1) and actual argument at (2) (scalar and rank-1)
/home/acer/risc-v-hpc/ports/elmer/fem/src/MeshUtils.F90:13270:25:

13270 |       CALL MPI_ALLREDUCE(j,gnodes,1, &
      |                         1
......
17008 |       CALL MPI_ALLREDUCE(ParTmp,ParSizes,6,MPI_INTEGER,MPI_SUM,ELMER_COMM_WORLD,ierr)
      |                         2
Warning: Rank mismatch between actual argument at (1) and actual argument at (2) (rank-1 and scalar)
/home/acer/risc-v-hpc/ports/elmer/fem/src/MeshUtils.F90:13270:27:

13270 |       CALL MPI_ALLREDUCE(j,gnodes,1, &
      |                           1
......
17008 |       CALL MPI_ALLREDUCE(ParTmp,ParSizes,6,MPI_INTEGER,MPI_SUM,ELMER_COMM_WORLD,ierr)
      |                                2
Warning: Rank mismatch between actual argument at (1) and actual argument at (2) (rank-1 and scalar)
/home/acer/risc-v-hpc/ports/elmer/fem/src/MeshUtils.F90:13278:25:

13278 |       CALL MPI_ALLREDUCE(j,gelements,1, &
      |                         1
......
17008 |       CALL MPI_ALLREDUCE(ParTmp,ParSizes,6,MPI_INTEGER,MPI_SUM,ELMER_COMM_WORLD,ierr)
      |                         2
Warning: Rank mismatch between actual argument at (1) and actual argument at (2) (rank-1 and scalar)
/home/acer/risc-v-hpc/ports/elmer/fem/src/MeshUtils.F90:13278:27:

13278 |       CALL MPI_ALLREDUCE(j,gelements,1, &
      |                           1
......
17008 |       CALL MPI_ALLREDUCE(ParTmp,ParSizes,6,MPI_INTEGER,MPI_SUM,ELMER_COMM_WORLD,ierr)
      |                                2
Warning: Rank mismatch between actual argument at (1) and actual argument at (2) (rank-1 and scalar)
/home/acer/risc-v-hpc/ports/elmer/fem/src/MeshUtils.F90:13514:27:

13514 |         CALL MPI_ALLREDUCE(j,max_bid,1, &
      |                           1
......
17008 |       CALL MPI_ALLREDUCE(ParTmp,ParSizes,6,MPI_INTEGER,MPI_SUM,ELMER_COMM_WORLD,ierr)
      |                         2  
Warning: Rank mismatch between actual argument at (1) and actual argument at (2) (rank-1 and scalar)
/home/acer/risc-v-hpc/ports/elmer/fem/src/MeshUtils.F90:13514:29:

13514 |         CALL MPI_ALLREDUCE(j,max_bid,1, &
      |                             1
......
17008 |       CALL MPI_ALLREDUCE(ParTmp,ParSizes,6,MPI_INTEGER,MPI_SUM,ELMER_COMM_WORLD,ierr)
      |                                2
Warning: Rank mismatch between actual argument at (1) and actual argument at (2) (rank-1 and scalar)
/home/acer/risc-v-hpc/ports/elmer/fem/src/MeshUtils.F90:13631:25:

13631 |       CALL MPI_ALLREDUCE(j,max_bid,1, &
      |                         1
......
17008 |       CALL MPI_ALLREDUCE(ParTmp,ParSizes,6,MPI_INTEGER,MPI_SUM,ELMER_COMM_WORLD,ierr)
      |                         2
Warning: Rank mismatch between actual argument at (1) and actual argument at (2) (rank-1 and scalar)
/home/acer/risc-v-hpc/ports/elmer/fem/src/MeshUtils.F90:13631:27:

13631 |       CALL MPI_ALLREDUCE(j,max_bid,1, &
      |                           1
......
17008 |       CALL MPI_ALLREDUCE(ParTmp,ParSizes,6,MPI_INTEGER,MPI_SUM,ELMER_COMM_WORLD,ierr)
      |                                2
Warning: Rank mismatch between actual argument at (1) and actual argument at (2) (rank-1 and scalar)
/home/acer/risc-v-hpc/ports/elmer/fem/src/MeshUtils.F90:13644:25:

13644 |       CALL MPI_ALLREDUCE(j,max_body,1, &
      |                         1
......
17008 |       CALL MPI_ALLREDUCE(ParTmp,ParSizes,6,MPI_INTEGER,MPI_SUM,ELMER_COMM_WORLD,ierr)
      |                         2
Warning: Rank mismatch between actual argument at (1) and actual argument at (2) (rank-1 and scalar)
/home/acer/risc-v-hpc/ports/elmer/fem/src/MeshUtils.F90:13644:27:

13644 |       CALL MPI_ALLREDUCE(j,max_body,1, &
      |                           1
......
17008 |       CALL MPI_ALLREDUCE(ParTmp,ParSizes,6,MPI_INTEGER,MPI_SUM,ELMER_COMM_WORLD,ierr)
      |                                2
Warning: Rank mismatch between actual argument at (1) and actual argument at (2) (rank-1 and scalar)
[ 67%] Building Fortran object fem/src/CMakeFiles/elmersolver.dir/ClusteringMethods.F90.o
[ 67%] Building Fortran object fem/src/CMakeFiles/elmersolver.dir/MeshPartition.F90.o
[ 67%] Building Fortran object fem/src/CMakeFiles/elmersolver.dir/Smoothers.F90.o
/home/acer/risc-v-hpc/ports/elmer/fem/src/MeshPartition.F90:3175:23:

 3175 |     CALL MPI_AllGather(n, 1, MPI_INTEGER, PartSendCount, 1, MPI_INTEGER, ELMER_COMM_WORLD, ierr)
      |                       1
......
 3299 |     CALL MPI_AllGather(MyBBox, bbsz, MPI_DOUBLE_PRECISION, BBoxes, &
      |                       2
Warning: Type mismatch between actual argument at (1) and actual argument at (2) (INTEGER(4)/REAL(8)).
/home/acer/risc-v-hpc/ports/elmer/fem/src/MeshPartition.F90:3175:42:

 3175 |     CALL MPI_AllGather(n, 1, MPI_INTEGER, PartSendCount, 1, MPI_INTEGER, ELMER_COMM_WORLD, ierr)
      |                                          1
......
 3299 |     CALL MPI_AllGather(MyBBox, bbsz, MPI_DOUBLE_PRECISION, BBoxes, &
      |                                                           2
Warning: Type mismatch between actual argument at (1) and actual argument at (2) (INTEGER(4)/REAL(8)).
/home/acer/risc-v-hpc/ports/elmer/fem/src/MeshPartition.F90:2422:24:

 2361 |       CALL MPI_BSEND( SentPack(i) % icount, 1, MPI_INTEGER, i-1, &
      |                      2  
......
 2422 |         CALL MPI_BSEND( SentPack(i) % idata, SentPack(i) % icount, MPI_INTEGER, i-1, &
      |                        1
Warning: Rank mismatch between actual argument at (1) and actual argument at (2) (scalar and rank-1)
/home/acer/risc-v-hpc/ports/elmer/fem/src/MeshPartition.F90:2424:24:

 2361 |       CALL MPI_BSEND( SentPack(i) % icount, 1, MPI_INTEGER, i-1, &
      |                      2  
......
 2424 |         CALL MPI_BSEND( SentPack(i) % rdata, SentPack(i) % rcount, MPI_DOUBLE_PRECISION, i-1, &
      |                        1
Warning: Type mismatch between actual argument at (1) and actual argument at (2) (REAL(8)/INTEGER(4)).
/home/acer/risc-v-hpc/ports/elmer/fem/src/MeshPartition.F90:2437:23:

 2373 |       CALL MPI_RECV( RecPack(i) % icount, 1, MPI_INTEGER, i-1, &
      |                     2  
......
 2437 |         CALL MPI_RECV( RecPack(i) % idata, RecPack(i) % icount, MPI_INTEGER, i-1, &
      |                       1
Warning: Rank mismatch between actual argument at (1) and actual argument at (2) (scalar and rank-1)
/home/acer/risc-v-hpc/ports/elmer/fem/src/MeshPartition.F90:2439:23:

 2373 |       CALL MPI_RECV( RecPack(i) % icount, 1, MPI_INTEGER, i-1, &
      |                     2  
......
 2439 |         CALL MPI_RECV( RecPack(i) % rdata, RecPack(i) % rcount, MPI_DOUBLE_PRECISION, i-1, &
      |                       1
Warning: Type mismatch between actual argument at (1) and actual argument at (2) (REAL(8)/INTEGER(4)).
/home/acer/risc-v-hpc/ports/elmer/fem/src/MeshPartition.F90:995:21:

  995 |       CALL MPI_IRECV(PSLR % NNodes, 1, MPI_INTEGER, part,&
      |                     1
......
 3192 |       CALL MPI_IRECV( RecvNodes(i) % GDOFs,  RecvNodes(i) % n, MPI_INTEGER, &
      |                      2
Warning: Rank mismatch between actual argument at (1) and actual argument at (2) (rank-1 and scalar)
/home/acer/risc-v-hpc/ports/elmer/fem/src/MeshPartition.F90:1002:21:

 1002 |       CALL MPI_IRECV(PSLR % NElems, 1, MPI_INTEGER, part,&
      |                     1
......
 3192 |       CALL MPI_IRECV( RecvNodes(i) % GDOFs,  RecvNodes(i) % n, MPI_INTEGER, &
      |                      2
Warning: Rank mismatch between actual argument at (1) and actual argument at (2) (rank-1 and scalar)
/home/acer/risc-v-hpc/ports/elmer/fem/src/MeshPartition.F90:1025:21:

  992 |       CALL MPI_ISEND(PSL % NNodes, 1, MPI_INTEGER, part,&
      |                     2
......
 1025 |       CALL MPI_ISEND(PSL % GElemNums, PSL % NElems, MPI_INTEGER, part,&
      |                     1
Warning: Rank mismatch between actual argument at (1) and actual argument at (2) (scalar and rank-1)
/home/acer/risc-v-hpc/ports/elmer/fem/src/MeshPartition.F90:1032:21:

  992 |       CALL MPI_ISEND(PSL % NNodes, 1, MPI_INTEGER, part,&
      |                     2
......
 1032 |       CALL MPI_ISEND(PSL % NodeElemStart, PSL % NNodes+1, MPI_INTEGER, part,&
      |                     1
Warning: Rank mismatch between actual argument at (1) and actual argument at (2) (scalar and rank-1)
/home/acer/risc-v-hpc/ports/elmer/fem/src/MeshPartition.F90:1059:21:

  992 |       CALL MPI_ISEND(PSL % NNodes, 1, MPI_INTEGER, part,&
      |                     2
......
 1059 |       CALL MPI_ISEND(PSL % GNodeNums, PSL % NNodes, MPI_INTEGER, part,&
      |                     1
Warning: Rank mismatch between actual argument at (1) and actual argument at (2) (scalar and rank-1)
/home/acer/risc-v-hpc/ports/elmer/fem/src/MeshPartition.F90:617:21:

  617 |       CALL MPI_IRECV(RecvFaces(i) % count, 1, MPI_INTEGER, i-1, 194, ELMER_COMM_WORLD, &
      |                     1
......
 3192 |       CALL MPI_IRECV( RecvNodes(i) % GDOFs,  RecvNodes(i) % n, MPI_INTEGER, &
      |                      2
Warning: Rank mismatch between actual argument at (1) and actual argument at (2) (rank-1 and scalar)
/home/acer/risc-v-hpc/ports/elmer/fem/src/MeshPartition.F90:619:20:

  619 |       CALL MPI_SEND(SendFaces(i) % count,  1, MPI_INTEGER, i-1, 194, ELMER_COMM_WORLD, ierr)
      |                    1
......
 3195 |       CALL MPI_SEND( GDOFsSend, n, MPI_INTEGER, RecvNodes(i) % part, 1000, &
      |                     2
Warning: Rank mismatch between actual argument at (1) and actual argument at (2) (rank-1 and scalar)
[ 68%] Building Fortran object fem/src/CMakeFiles/elmersolver.dir/ModelDescription.F90.o
[ 68%] Building Fortran object fem/src/CMakeFiles/elmersolver.dir/Multigrid.F90.o
[ 68%] Building Fortran object fem/src/CMakeFiles/elmersolver.dir/ComponentUtils.F90.o
[ 68%] Building Fortran object fem/src/CMakeFiles/elmersolver.dir/MGPrec.F90.o
[ 68%] Building Fortran object fem/src/CMakeFiles/elmersolver.dir/ParallelEigenSolve.F90.o
[ 68%] Building Fortran object fem/src/CMakeFiles/elmersolver.dir/EigenSolve.F90.o
[ 68%] Building Fortran object fem/src/CMakeFiles/elmersolver.dir/SolverUtils.F90.o
/home/acer/risc-v-hpc/ports/elmer/fem/src/SolverUtils.F90:16247:29:

16239 |            CALL MPI_BSEND( cnt(i), 1, MPI_INTEGER, i, 7001, ELMER_COMM_WORLD, status, ierr )
      |                           2  
......
16247 |              CALL MPI_BSEND( Buf(i) % gval, cnt(i), MPI_DOUBLE_PRECISION, &
      |                             1
Warning: Type mismatch between actual argument at (1) and actual argument at (2) (REAL(8)/INTEGER(4)).
/home/acer/risc-v-hpc/ports/elmer/fem/src/SolverUtils.F90:16272:26:

16260 |          CALL MPI_RECV( rcnt, 1, MPI_INTEGER, &
      |                        2  
......
16272 |            CALL MPI_RECV( rrow, rcnt, MPI_INTEGER, &
      |                          1
Warning: Rank mismatch between actual argument at (1) and actual argument at (2) (scalar and rank-1)
/home/acer/risc-v-hpc/ports/elmer/fem/src/SolverUtils.F90:16275:26:

16260 |          CALL MPI_RECV( rcnt, 1, MPI_INTEGER, &
      |                        2  
......
16275 |            CALL MPI_RECV( rcol, rcnt, MPI_INTEGER, &
      |                          1
Warning: Rank mismatch between actual argument at (1) and actual argument at (2) (scalar and rank-1)
/home/acer/risc-v-hpc/ports/elmer/fem/src/SolverUtils.F90:16278:26:

16260 |          CALL MPI_RECV( rcnt, 1, MPI_INTEGER, &
      |                        2  
......
16278 |            CALL MPI_RECV( rval, rcnt, MPI_DOUBLE_PRECISION, &
      |                          1
Warning: Type mismatch between actual argument at (1) and actual argument at (2) (REAL(8)/INTEGER(4)).
/home/acer/risc-v-hpc/ports/elmer/fem/src/SolverUtils.F90:12780:28:

12772 |         CALL MPI_ALLREDUCE( BufInteg, BoundaryActive, NoBCs, MPI_INTEGER, &
      |                            2
......
12780 |         CALL MPI_ALLREDUCE( BufReal, BoundarySum, DOFs * NoBCs, MPI_DOUBLE_PRECISION, &
      |                            1
Warning: Type mismatch between actual argument at (1) and actual argument at (2) (REAL(8)/INTEGER(4)).
/home/acer/risc-v-hpc/ports/elmer/fem/src/SolverUtils.F90:12780:37:

12772 |         CALL MPI_ALLREDUCE( BufInteg, BoundaryActive, NoBCs, MPI_INTEGER, &
      |                                      2
......
12780 |         CALL MPI_ALLREDUCE( BufReal, BoundarySum, DOFs * NoBCs, MPI_DOUBLE_PRECISION, &
      |                                     1
Warning: Type mismatch between actual argument at (1) and actual argument at (2) (REAL(8)/INTEGER(4)).
/home/acer/risc-v-hpc/ports/elmer/fem/src/SolverUtils.F90:8703:39:

 8703 |                 900, ELMER_COMM_WORLD, ierr )
      |                                       1
......
16239 |            CALL MPI_BSEND( cnt(i), 1, MPI_INTEGER, i, 7001, ELMER_COMM_WORLD, status, ierr )
      |                                                                              2
Warning: Rank mismatch between actual argument at (1) and actual argument at (2) (rank-1 and scalar)
/home/acer/risc-v-hpc/ports/elmer/fem/src/SolverUtils.F90:8706:41:

 8706 |                   901, ELMER_COMM_WORLD, ierr )
      |                                         1
......
16239 |            CALL MPI_BSEND( cnt(i), 1, MPI_INTEGER, i, 7001, ELMER_COMM_WORLD, status, ierr )
      |                                                                              2
Warning: Rank mismatch between actual argument at (1) and actual argument at (2) (rank-1 and scalar)
/home/acer/risc-v-hpc/ports/elmer/fem/src/SolverUtils.F90:8708:49:

 8708 |                     i-1,  902, ELMER_COMM_WORLD, ierr )
      |                                                 1
......
16239 |            CALL MPI_BSEND( cnt(i), 1, MPI_INTEGER, i, 7001, ELMER_COMM_WORLD, status, ierr )
      |                                                                              2
Warning: Rank mismatch between actual argument at (1) and actual argument at (2) (rank-1 and scalar)
/home/acer/risc-v-hpc/ports/elmer/fem/src/SolverUtils.F90:8721:30:

 8721 |                CALL MPI_RECV( gbuff, n, MPI_INTEGER, proc, &
      |                              1
......
16260 |          CALL MPI_RECV( rcnt, 1, MPI_INTEGER, &
      |                        2      
Warning: Rank mismatch between actual argument at (1) and actual argument at (2) (scalar and rank-1)
/home/acer/risc-v-hpc/ports/elmer/fem/src/SolverUtils.F90:8347:39:

 8347 |                 800, ELMER_COMM_WORLD, ierr )
      |                                       1
......
16239 |            CALL MPI_BSEND( cnt(i), 1, MPI_INTEGER, i, 7001, ELMER_COMM_WORLD, status, ierr )
      |                                                                              2
Warning: Rank mismatch between actual argument at (1) and actual argument at (2) (rank-1 and scalar)
/home/acer/risc-v-hpc/ports/elmer/fem/src/SolverUtils.F90:8350:40:

 8350 |                  801, ELMER_COMM_WORLD, ierr )
      |                                        1
......
16239 |            CALL MPI_BSEND( cnt(i), 1, MPI_INTEGER, i, 7001, ELMER_COMM_WORLD, status, ierr )
      |                                                                              2
Warning: Rank mismatch between actual argument at (1) and actual argument at (2) (rank-1 and scalar)
/home/acer/risc-v-hpc/ports/elmer/fem/src/SolverUtils.F90:8363:28:

 8363 |              CALL MPI_RECV( gbuff, n, MPI_INTEGER, proc, &
      |                            1
......
16260 |          CALL MPI_RECV( rcnt, 1, MPI_INTEGER, &
      |                        2    
Warning: Rank mismatch between actual argument at (1) and actual argument at (2) (scalar and rank-1)
/home/acer/risc-v-hpc/ports/elmer/fem/src/SolverUtils.F90:7933:68:

 7933 |        CALL MPI_BSEND( ii(i),1,MPI_INTEGER,j-1,110,ELMER_COMM_WORLD,ierr )
      |                                                                    1
......
16239 |            CALL MPI_BSEND( cnt(i), 1, MPI_INTEGER, i, 7001, ELMER_COMM_WORLD, status, ierr )
      |                                                                              2
Warning: Rank mismatch between actual argument at (1) and actual argument at (2) (rank-1 and scalar)
/home/acer/risc-v-hpc/ports/elmer/fem/src/SolverUtils.F90:7935:83:

 7935 |          CALL MPI_BSEND( s_e(1:ii(i),i),ii(i),MPI_INTEGER,j-1,111,ELMER_COMM_WORLD,ierr )
      |                                                                                   1
......
16239 |            CALL MPI_BSEND( cnt(i), 1, MPI_INTEGER, i, 7001, ELMER_COMM_WORLD, status, ierr )
      |                                                                              2     
Warning: Rank mismatch between actual argument at (1) and actual argument at (2) (rank-1 and scalar)
/home/acer/risc-v-hpc/ports/elmer/fem/src/SolverUtils.F90:7950:24:

 7950 |          CALL MPI_RECV( r_e,n,MPI_INTEGER,j-1,111,ELMER_COMM_WORLD,status,ierr )
      |                        1
......
16260 |          CALL MPI_RECV( rcnt, 1, MPI_INTEGER, &
      |                        2
Warning: Rank mismatch between actual argument at (1) and actual argument at (2) (scalar and rank-1)
/home/acer/risc-v-hpc/ports/elmer/fem/src/SolverUtils.F90:7844:68:

 7844 |        CALL MPI_BSEND( ii(i),1,MPI_INTEGER,j-1,110,ELMER_COMM_WORLD,ierr )
      |                                                                    1
......
16239 |            CALL MPI_BSEND( cnt(i), 1, MPI_INTEGER, i, 7001, ELMER_COMM_WORLD, status, ierr )
      |                                                                              2
Warning: Rank mismatch between actual argument at (1) and actual argument at (2) (rank-1 and scalar)
/home/acer/risc-v-hpc/ports/elmer/fem/src/SolverUtils.F90:7846:83:

 7846 |          CALL MPI_BSEND( s_e(1:ii(i),i),ii(i),MPI_INTEGER,j-1,111,ELMER_COMM_WORLD,ierr )
      |                                                                                   1
......
16239 |            CALL MPI_BSEND( cnt(i), 1, MPI_INTEGER, i, 7001, ELMER_COMM_WORLD, status, ierr )
      |                                                                              2     
Warning: Rank mismatch between actual argument at (1) and actual argument at (2) (rank-1 and scalar)
/home/acer/risc-v-hpc/ports/elmer/fem/src/SolverUtils.F90:7847:92:

 7847 |          CALL MPI_BSEND( d_e(1:ii(i),i),ii(i),MPI_DOUBLE_PRECISION,j-1,112,ELMER_COMM_WORLD,ierr )
      |                                                                                            1
......
16239 |            CALL MPI_BSEND( cnt(i), 1, MPI_INTEGER, i, 7001, ELMER_COMM_WORLD, status, ierr )
      |                                                                              2              
Warning: Rank mismatch between actual argument at (1) and actual argument at (2) (rank-1 and scalar)
/home/acer/risc-v-hpc/ports/elmer/fem/src/SolverUtils.F90:7860:24:

 7860 |          CALL MPI_RECV( r_e,n,MPI_INTEGER,j-1,111,ELMER_COMM_WORLD,status,ierr )
      |                        1
......
16260 |          CALL MPI_RECV( rcnt, 1, MPI_INTEGER, &
      |                        2
Warning: Rank mismatch between actual argument at (1) and actual argument at (2) (scalar and rank-1)
[ 68%] Building Fortran object fem/src/CMakeFiles/elmersolver.dir/Adaptive.F90.o
[ 68%] Building Fortran object fem/src/CMakeFiles/elmersolver.dir/DefUtils.F90.o
[ 68%] Building Fortran object fem/src/CMakeFiles/elmersolver.dir/CircuitUtils.F90.o
[ 68%] Building Fortran object fem/src/CMakeFiles/elmersolver.dir/BlockSolve.F90.o
[ 68%] Building Fortran object fem/src/CMakeFiles/elmersolver.dir/MaterialModels.F90.o
[ 68%] Building Fortran object fem/src/CMakeFiles/elmersolver.dir/Feti.F90.o
/home/acer/risc-v-hpc/ports/elmer/fem/src/Feti.F90:1064:25:

 1064 |           call mpi_bsend(l_gtg,l_n**2,d_type,mactive,404,comm,ierr)
      |                         1
......
 1866 |       CALL MPI_BSEND( cnt(proc), 1, MPI_INTEGER, proc, &
      |                      2   
Warning: Type mismatch between actual argument at (1) and actual argument at (2) (REAL(8)/INTEGER(4)).
/home/acer/risc-v-hpc/ports/elmer/fem/src/Feti.F90:1122:26:

 1122 |             call mpi_recv(l_gtg,l_n**2,d_type,proc,404,comm,stat,ierr)
      |                          1
......
 1881 |       CALL MPI_RECV( cnt(proc), 1, MPI_INTEGER, proc, &
      |                     2     
Warning: Type mismatch between actual argument at (1) and actual argument at (2) (REAL(8)/INTEGER(4)).
[ 68%] Building Fortran object fem/src/CMakeFiles/elmersolver.dir/FreeSurface.F90.o
[ 68%] Building Fortran object fem/src/CMakeFiles/elmersolver.dir/InterpVarToVar.F90.o
/home/acer/risc-v-hpc/ports/elmer/fem/src/InterpVarToVar.F90:1175:24:

 1173 |         CALL MPI_BSEND( interpedValue, VarCount, MPI_DOUBLE_PRECISION, proc, &
      |                        2
 1174 |              3000, ELMER_COMM_WORLD,ierr )
 1175 |         CALL MPI_BSEND( weightsum, 1, MPI_DOUBLE_PRECISION, proc, &
      |                        1
Warning: Rank mismatch between actual argument at (1) and actual argument at (2) (rank-1 and scalar)
/home/acer/risc-v-hpc/ports/elmer/fem/src/InterpVarToVar.F90:208:26:

  208 |           CALL MPI_BSEND( n, 1, MPI_INTEGER, proc, &
      |                          1
......
 1173 |         CALL MPI_BSEND( interpedValue, VarCount, MPI_DOUBLE_PRECISION, proc, &
      |                        2  
Warning: Type mismatch between actual argument at (1) and actual argument at (2) (INTEGER(4)/REAL(8)).
/home/acer/risc-v-hpc/ports/elmer/fem/src/InterpVarToVar.F90:286:22:

  286 |        CALL MPI_RECV( n, 1, MPI_INTEGER, MPI_ANY_SOURCE, &
      |                      1
......
 1178 |         CALL MPI_RECV( PartInterpedValues( (i*VarCount)+1  : (i+1)*VarCount), &
      |                       2
Warning: Type mismatch between actual argument at (1) and actual argument at (2) (INTEGER(4)/REAL(8)).
/home/acer/risc-v-hpc/ports/elmer/fem/src/InterpVarToVar.F90:464:39:

  464 |                2102, ELMER_COMM_WORLD, status, ierr )
      |                                       1
......
 1174 |              3000, ELMER_COMM_WORLD,ierr )
      |                                    2   
Warning: Rank mismatch between actual argument at (1) and actual argument at (2) (scalar and rank-1)
/home/acer/risc-v-hpc/ports/elmer/fem/src/InterpVarToVar.F90:464:53:

  464 |                2102, ELMER_COMM_WORLD, status, ierr )
      |                                                     1
Warning: More actual than formal arguments in procedure call at (1)
[ 68%] Building Fortran object fem/src/CMakeFiles/elmersolver.dir/MeshRemeshing.F90.o
/home/acer/risc-v-hpc/ports/elmer/fem/src/MeshRemeshing.F90:581:17:

  577 |   CALL MPI_BCAST(nglobal_pool,1, MPI_INTEGER, 0, ELMER_COMM_WORLD, ierr)
      |                 2
......
  581 |   CALL MPI_BCAST(global_pool,nglobal_pool, MPI_INTEGER, 0, ELMER_COMM_WORLD, ierr)
      |                 1
Warning: Rank mismatch between actual argument at (1) and actual argument at (2) (scalar and rank-1)
/home/acer/risc-v-hpc/ports/elmer/fem/src/MeshRemeshing.F90:701:17:

  577 |   CALL MPI_BCAST(nglobal_pool,1, MPI_INTEGER, 0, ELMER_COMM_WORLD, ierr)
      |                 2
......
  701 |   CALL MPI_BCAST(global_pool,unused,MPI_INTEGER, 0, ELMER_COMM_WORLD, ierr)
      |                 1
Warning: Rank mismatch between actual argument at (1) and actual argument at (2) (scalar and rank-1)
[ 68%] Building Fortran object fem/src/CMakeFiles/elmersolver.dir/ParticleUtils.F90.o
[ 68%] Building Fortran object fem/src/CMakeFiles/elmersolver.dir/Radiation.F90.o
[ 68%] Building Fortran object fem/src/CMakeFiles/elmersolver.dir/RadiationFactors.F90.o
[ 68%] Building Fortran object fem/src/CMakeFiles/elmersolver.dir/SolidMechanicsUtils.F90.o
[ 68%] Building Fortran object fem/src/CMakeFiles/elmersolver.dir/VankaCreate.F90.o
/home/acer/risc-v-hpc/ports/elmer/fem/src/ParticleUtils.F90:4957:22:

 4914 |       CALL MPI_BSEND( Info(i) % n, 1, MPI_INTEGER, Neigh(i), &
      |                      2
......
 4957 |       CALL MPI_BSEND( Info(j) % Gindex, n, MPI_INTEGER, &
      |                      1
Warning: Rank mismatch between actual argument at (1) and actual argument at (2) (scalar and rank-1)
/home/acer/risc-v-hpc/ports/elmer/fem/src/ParticleUtils.F90:4980:22:

 4914 |       CALL MPI_BSEND( Info(i) % n, 1, MPI_INTEGER, Neigh(i), &
      |                      2
......
 4980 |       CALL MPI_BSEND( Buf, m, MPI_DOUBLE_PRECISION, &
      |                      1
Warning: Type mismatch between actual argument at (1) and actual argument at (2) (REAL(8)/INTEGER(4)).
/home/acer/risc-v-hpc/ports/elmer/fem/src/ParticleUtils.F90:5021:21:

 5002 |       CALL MPI_RECV( Indexes, n, MPI_INTEGER, proc, &
      |                     2
......
 5021 |       CALL MPI_RECV( Buf, m, MPI_DOUBLE_PRECISION, proc, &
      |                     1
Warning: Type mismatch between actual argument at (1) and actual argument at (2) (REAL(8)/INTEGER(4)).
/home/acer/risc-v-hpc/ports/elmer/fem/src/ParticleUtils.F90:1825:22:

 1825 |       CALL MPI_BSEND( SentInt, m, MPI_INTEGER, j-1, &
      |                      1
......
 4914 |       CALL MPI_BSEND( Info(i) % n, 1, MPI_INTEGER, Neigh(i), &
      |                      2
Warning: Rank mismatch between actual argument at (1) and actual argument at (2) (scalar and rank-1)
/home/acer/risc-v-hpc/ports/elmer/fem/src/ParticleUtils.F90:1348:22:

 1348 |       CALL MPI_BSEND( ExcInfo(j) % Gindex, n, MPI_INTEGER, Neigh(j), &
      |                      1
......
 4914 |       CALL MPI_BSEND( Info(i) % n, 1, MPI_INTEGER, Neigh(i), &
      |                      2
Warning: Rank mismatch between actual argument at (1) and actual argument at (2) (scalar and rank-1)
/home/acer/risc-v-hpc/ports/elmer/fem/src/ParticleUtils.F90:1430:24:

 1430 |         CALL MPI_BSEND( BufInt, m, MPI_INTEGER, Neigh(j), 1003, ELMER_COMM_WORLD, ierr )
      |                        1
......
 4914 |       CALL MPI_BSEND( Info(i) % n, 1, MPI_INTEGER, Neigh(i), &
      |                      2  
Warning: Rank mismatch between actual argument at (1) and actual argument at (2) (scalar and rank-1)
/home/acer/risc-v-hpc/ports/elmer/fem/src/ParticleUtils.F90:604:26:

  604 |       CALL MPI_ALLREDUCE( s, mincoord, 3, MPI_DOUBLE_PRECISION, &
      |                          1
......
 1746 |     CALL MPI_ALLREDUCE( n, nSent, 1, MPI_INTEGER, &
      |                        2  
Warning: Type mismatch between actual argument at (1) and actual argument at (2) (REAL(8)/INTEGER(4)).
/home/acer/risc-v-hpc/ports/elmer/fem/src/ParticleUtils.F90:604:29:

  604 |       CALL MPI_ALLREDUCE( s, mincoord, 3, MPI_DOUBLE_PRECISION, &
      |                             1
......
 1746 |     CALL MPI_ALLREDUCE( n, nSent, 1, MPI_INTEGER, &
      |                           2  
Warning: Type mismatch between actual argument at (1) and actual argument at (2) (REAL(8)/INTEGER(4)).
/home/acer/risc-v-hpc/ports/elmer/fem/src/VankaCreate.F90:186:29:

  177 |            CALL MPI_BSEND( cnt(i), 1, MPI_INTEGER, &
      |                           2  
......
  186 |              CALL MPI_BSEND( Buf(i) % gval, cnt(i), MPI_DOUBLE_PRECISION, &
      |                             1
Warning: Type mismatch between actual argument at (1) and actual argument at (2) (REAL(8)/INTEGER(4)).
/home/acer/risc-v-hpc/ports/elmer/fem/src/VankaCreate.F90:207:26:

  202 |          CALL MPI_RECV( rcnt, 1, MPI_INTEGER, &
      |                        2  
......
  207 |            CALL MPI_RECV( rrow, rcnt, MPI_INTEGER, &
      |                          1
Warning: Rank mismatch between actual argument at (1) and actual argument at (2) (scalar and rank-1)
/home/acer/risc-v-hpc/ports/elmer/fem/src/VankaCreate.F90:210:26:

  202 |          CALL MPI_RECV( rcnt, 1, MPI_INTEGER, &
      |                        2  
......
  210 |            CALL MPI_RECV( rcol, rcnt, MPI_INTEGER, &
      |                          1
Warning: Rank mismatch between actual argument at (1) and actual argument at (2) (scalar and rank-1)
/home/acer/risc-v-hpc/ports/elmer/fem/src/VankaCreate.F90:213:26:

  202 |          CALL MPI_RECV( rcnt, 1, MPI_INTEGER, &
      |                        2  
......
  213 |            CALL MPI_RECV( rval, rcnt, MPI_DOUBLE_PRECISION, &
      |                          1
Warning: Type mismatch between actual argument at (1) and actual argument at (2) (REAL(8)/INTEGER(4)).
/home/acer/risc-v-hpc/ports/elmer/fem/src/VankaCreate.F90:498:26:

  202 |          CALL MPI_RECV( rcnt, 1, MPI_INTEGER, &
      |                        2  
......
  498 |            CALL MPI_RECV( rrow, rcnt, MPI_INTEGER, &
      |                          1
Warning: Rank mismatch between actual argument at (1) and actual argument at (2) (scalar and rank-1)
/home/acer/risc-v-hpc/ports/elmer/fem/src/VankaCreate.F90:501:26:

  202 |          CALL MPI_RECV( rcnt, 1, MPI_INTEGER, &
      |                        2  
......
  501 |            CALL MPI_RECV( rcol, rcnt, MPI_INTEGER, &
      |                          1
Warning: Rank mismatch between actual argument at (1) and actual argument at (2) (scalar and rank-1)
[ 68%] Building Fortran object fem/src/CMakeFiles/elmersolver.dir/InterpolateMeshToMesh.F90.o
/home/acer/risc-v-hpc/ports/elmer/fem/src/InterpolateMeshToMesh.F90:168:26:

  149 |         CALL MPI_BSEND( myBB, 6, MPI_DOUBLE_PRECISION, proc, &
      |                        2  
......
  168 |           CALL MPI_BSEND( n, 1, MPI_INTEGER, proc, &
      |                          1
Warning: Type mismatch between actual argument at (1) and actual argument at (2) (INTEGER(4)/REAL(8)).
/home/acer/risc-v-hpc/ports/elmer/fem/src/InterpolateMeshToMesh.F90:245:23:

  153 |         CALL MPI_RECV( myBB, 6, MPI_DOUBLE_PRECISION, MPI_ANY_SOURCE, &
      |                       2
......
  245 |         CALL MPI_RECV( n, 1, MPI_INTEGER, MPI_ANY_SOURCE, &
      |                       1
Warning: Type mismatch between actual argument at (1) and actual argument at (2) (INTEGER(4)/REAL(8)).
/home/acer/risc-v-hpc/ports/elmer/fem/src/InterpolateMeshToMesh.F90:369:40:

  150 |                  999, ELMER_COMM_WORLD, ierr )
      |                                        2
......
  369 |                 2002, ELMER_COMM_WORLD, status, ierr )
      |                                        1
Warning: Rank mismatch between actual argument at (1) and actual argument at (2) (scalar and rank-1)
/home/acer/risc-v-hpc/ports/elmer/fem/src/InterpolateMeshToMesh.F90:369:54:

  369 |                 2002, ELMER_COMM_WORLD, status, ierr )
      |                                                      1
Warning: More actual than formal arguments in procedure call at (1)
[ 69%] Building Fortran object fem/src/CMakeFiles/elmersolver.dir/MagnetoDynamicsUtils.F90.o
[ 69%] Building Fortran object fem/src/CMakeFiles/elmersolver.dir/MainUtils.F90.o
[ 69%] Building Fortran object fem/src/CMakeFiles/elmersolver.dir/NavierStokes.F90.o
[ 69%] Building Fortran object fem/src/CMakeFiles/elmersolver.dir/NavierStokesCylindrical.F90.o
[ 69%] Building Fortran object fem/src/CMakeFiles/elmersolver.dir/NavierStokesGeneral.F90.o
[ 69%] Building Fortran object fem/src/CMakeFiles/elmersolver.dir/Stress.F90.o
[ 69%] Building Fortran object fem/src/CMakeFiles/elmersolver.dir/DiffuseConvectiveAnisotropic.F90.o
[ 69%] Building Fortran object fem/src/CMakeFiles/elmersolver.dir/DiffuseConvectiveGeneralAnisotropic.F90.o
[ 69%] Building Fortran object fem/src/CMakeFiles/elmersolver.dir/ZirkaHysteresis.F90.o
[ 69%] Building Fortran object fem/src/CMakeFiles/elmersolver.dir/SolverActivate_x.F90.o
[ 69%] Building Fortran object fem/src/CMakeFiles/elmersolver.dir/ElmerSolver.F90.o
[ 69%] Linking Fortran shared library libelmersolver.so
[ 69%] Built target elmersolver
[ 69%] Building Fortran object fem/src/CMakeFiles/ViewFactors.dir/ViewFactors.F90.o
[ 69%] Building Fortran object fem/src/CMakeFiles/Solver_TGT.dir/Solver.F90.o
[ 69%] Building Fortran object fem/src/CMakeFiles/GebhardtFactors.dir/GebhardtFactors.F90.o
[ 69%] Building Fortran object fem/src/modules/CMakeFiles/Acoustics.dir/Acoustics.F90.o
[ 69%] Linking Fortran executable ElmerSolver
/home/acer/risc-v-hpc/ports/elmer/fem/src/modules/Acoustics.F90:4191:11:

   89 |   USE DefUtils
      |      2     
......
 4191 |     bnrm = dznrm2(n, b(1:n), 1)
      |           1
Warning: Type mismatch in function result (REAL(8)/UNKNOWN) between (1) and (2)
/home/acer/risc-v-hpc/ports/elmer/fem/src/modules/Acoustics.F90:4217:15:

   89 |   USE DefUtils
      |      2         
......
 4217 |         rho1 = zdotc(n, work(1:n,rr), 1, work(1:n,r+k-1), 1)
      |               1
Warning: Type mismatch in function result (COMPLEX(8)/UNKNOWN) between (1) and (2)
[ 69%] Built target Solver_TGT
[ 69%] Building Fortran object fem/src/modules/CMakeFiles/AdvectionDiffusion.dir/AdvectionDiffusion.F90.o
[ 69%] Linking Fortran executable GebhardtFactors
[ 69%] Linking Fortran executable ViewFactors
[ 69%] Built target GebhardtFactors
[ 69%] Building Fortran object fem/src/modules/CMakeFiles/AdvectionReaction.dir/AdvectionReaction.F90.o
[ 69%] Built target ViewFactors
[ 69%] Building Fortran object fem/src/modules/CMakeFiles/AllocateSolver.dir/AllocateSolver.F90.o
[ 69%] Linking Fortran shared library AllocateSolver.so
[ 69%] Built target AllocateSolver
[ 69%] Building Fortran object fem/src/modules/CMakeFiles/ArteryOutlet.dir/ArteryOutlet.F90.o
[ 69%] Linking Fortran shared library AdvectionReaction.so
[ 69%] Built target AdvectionReaction
[ 69%] Building Fortran object fem/src/modules/CMakeFiles/ArtificialCompressibility.dir/ArtificialCompressibility.F90.o
[ 70%] Linking Fortran shared library ArtificialCompressibility.so
[ 70%] Built target ArtificialCompressibility
[ 70%] Building Fortran object fem/src/modules/CMakeFiles/BeamSolver3D.dir/BeamSolver3D.F90.o
[ 70%] Linking Fortran shared library BeamSolver3D.so
[ 70%] Linking Fortran shared library AdvectionDiffusion.so
[ 70%] Built target BeamSolver3D
[ 70%] Building Fortran object fem/src/modules/CMakeFiles/CircuitsAndDynamics.dir/CircuitsAndDynamics.F90.o
[ 70%] Built target AdvectionDiffusion
[ 70%] Building Fortran object fem/src/modules/CMakeFiles/CoilSolver.dir/CoilSolver.F90.o
[ 70%] Linking Fortran shared library ArteryOutlet.so
/home/acer/risc-v-hpc/ports/elmer/fem/src/modules/CoilSolver.F90:953:89:

  538 |         CALL MPI_ALLREDUCE(MinCurr,TmpCurr,3,MPI_DOUBLE_PRECISION,MPI_MIN,ELMER_COMM_WORLD,ierr)
      |                                                                                           2
......
  953 |       CALL MPI_ALLREDUCE(MinCoord,ParTmp,3,MPI_DOUBLE_PRECISION,MPI_MIN,ELMER_COMM_WORLD,ierr)
      |                                                                                         1
Warning: Type mismatch between actual argument at (1) and actual argument at (2) (REAL(8)/INTEGER(4)).
[ 70%] Built target ArteryOutlet
[ 70%] Building Fortran object fem/src/modules/CMakeFiles/CompressibleNS.dir/CompressibleNS.F90.o
[ 70%] Linking Fortran shared library CompressibleNS.so
[ 70%] Built target CompressibleNS
[ 70%] Building Fortran object fem/src/modules/CMakeFiles/CoordinateTransform.dir/CoordinateTransform.F90.o
[ 70%] Linking Fortran shared library CoilSolver.so
[ 70%] Built target CoilSolver
[ 70%] Building Fortran object fem/src/modules/CMakeFiles/CoupledNSUpdate.dir/CoupledNSUpdate.F90.o
[ 70%] Linking Fortran shared library CircuitsAndDynamics.so
[ 71%] Linking Fortran shared library CoordinateTransform.so
[ 71%] Built target CircuitsAndDynamics
[ 71%] Building Fortran object fem/src/modules/CMakeFiles/CraigBamptonSolver.dir/CraigBamptonSolver.F90.o
[ 71%] Linking Fortran shared library CraigBamptonSolver.so
[ 71%] Built target CoordinateTransform
[ 71%] Building Fortran object fem/src/modules/CMakeFiles/DCRComplexSolve.dir/DCRComplexSolve.F90.o
[ 71%] Linking Fortran shared library CoupledNSUpdate.so
[ 71%] Built target CraigBamptonSolver
[ 71%] Building Fortran object fem/src/modules/CMakeFiles/DFTSolver.dir/DFTSolver.F90.o
[ 71%] Built target CoupledNSUpdate
[ 71%] Building Fortran object fem/src/modules/CMakeFiles/DataToFieldSolver.dir/DataToFieldSolver.F90.o
[ 71%] Linking Fortran shared library DataToFieldSolver.so
[ 71%] Linking Fortran shared library DFTSolver.so
[ 71%] Built target DataToFieldSolver
[ 71%] Building Fortran object fem/src/modules/CMakeFiles/DirectionSolver.dir/DirectionSolver.F90.o
[ 71%] Built target DFTSolver
[ 71%] Building Fortran object fem/src/modules/CMakeFiles/DistanceSolve.dir/DistanceSolve.F90.o
/home/acer/risc-v-hpc/ports/elmer/fem/src/modules/DistanceSolve.F90:380:23:

  365 |     CALL MPI_ALLREDUCE(cperm, ibuf, maxnode, MPI_INTEGER, MPI_SUM, comm, i)
      |                       2
......
  380 |     CALL MPI_ALLREDUCE(buf, xp, nnb, MPI_DOUBLE_PRECISION, MPI_SUM, comm, i)
      |                       1
Warning: Type mismatch between actual argument at (1) and actual argument at (2) (REAL(8)/INTEGER(4)).
/home/acer/risc-v-hpc/ports/elmer/fem/src/modules/DistanceSolve.F90:380:28:

  365 |     CALL MPI_ALLREDUCE(cperm, ibuf, maxnode, MPI_INTEGER, MPI_SUM, comm, i)
      |                              2
......
  380 |     CALL MPI_ALLREDUCE(buf, xp, nnb, MPI_DOUBLE_PRECISION, MPI_SUM, comm, i)
      |                            1
Warning: Type mismatch between actual argument at (1) and actual argument at (2) (REAL(8)/INTEGER(4)).
[ 71%] Linking Fortran shared library DirectionSolver.so
[ 71%] Linking Fortran shared library DistanceSolve.so
[ 71%] Built target DirectionSolver
[ 71%] Building Fortran object fem/src/modules/CMakeFiles/DistributeSource.dir/DistributeSource.F90.o
[ 71%] Linking Fortran shared library DCRComplexSolve.so
[ 71%] Built target DistanceSolve
[ 71%] Building Fortran object fem/src/modules/CMakeFiles/DivProjection.dir/DivProjection.F90.o
[ 71%] Built target DCRComplexSolve
[ 72%] Building Fortran object fem/src/modules/CMakeFiles/DivergenceSolver.dir/DivergenceSolver.F90.o
[ 72%] Linking Fortran shared library DivProjection.so
[ 72%] Linking Fortran shared library DistributeSource.so
[ 72%] Built target DivProjection
[ 72%] Building Fortran object fem/src/modules/CMakeFiles/EMWaveSolver.dir/EMWaveSolver.F90.o
[ 72%] Linking Fortran shared library Acoustics.so
[ 72%] Linking Fortran shared library DivergenceSolver.so
[ 72%] Built target DistributeSource
[ 72%] Building Fortran object fem/src/modules/CMakeFiles/ElasticSolve.dir/ElasticSolve.F90.o
[ 72%] Built target Acoustics
[ 72%] Built target DivergenceSolver
[ 72%] Building Fortran object fem/src/modules/CMakeFiles/ElectricForce.dir/ElectricForce.F90.o
[ 72%] Building Fortran object fem/src/modules/CMakeFiles/Electrokinetics.dir/Electrokinetics.F90.o
[ 72%] Linking Fortran shared library ElectricForce.so
[ 72%] Linking Fortran shared library Electrokinetics.so
[ 72%] Linking Fortran shared library EMWaveSolver.so
[ 72%] Built target ElectricForce
[ 72%] Building Fortran object fem/src/modules/CMakeFiles/ElementSizeSolver.dir/ElementSizeSolver.F90.o
[ 72%] Built target Electrokinetics
[ 72%] Building Fortran object fem/src/modules/CMakeFiles/ElementStats.dir/ElementStats.F90.o
[ 72%] Built target EMWaveSolver
[ 72%] Building Fortran object fem/src/modules/CMakeFiles/EliminateDirichlet.dir/EliminateDirichlet.F90.o
[ 72%] Linking Fortran shared library ElementSizeSolver.so
[ 73%] Linking Fortran shared library ElementStats.so
[ 73%] Built target ElementSizeSolver
[ 73%] Building Fortran object fem/src/modules/CMakeFiles/Elmer2OpenFoamIO.dir/Elmer2OpenFoamIO.F90.o
[ 73%] Built target ElementStats
[ 73%] Building Fortran object fem/src/modules/CMakeFiles/EnergyRelease.dir/EnergyRelease.F90.o
[ 73%] Linking Fortran shared library EliminateDirichlet.so
[ 73%] Linking Fortran shared library EnergyRelease.so
[ 73%] Built target EliminateDirichlet
[ 73%] Building Fortran object fem/src/modules/CMakeFiles/FDiffusion.dir/FDiffusion.F90.o
[ 73%] Built target EnergyRelease
[ 73%] Building Fortran object fem/src/modules/CMakeFiles/FDiffusion3D.dir/FDiffusion3D.F90.o
[ 73%] Linking Fortran shared library Elmer2OpenFoamIO.so
[ 73%] Built target Elmer2OpenFoamIO
[ 74%] Building Fortran object fem/src/modules/CMakeFiles/FacetShellSolve.dir/FacetShellSolve.F90.o
[ 74%] Linking Fortran shared library FDiffusion.so
[ 74%] Built target FDiffusion
[ 74%] Building Fortran object fem/src/modules/CMakeFiles/FilterTimeSeries.dir/FilterTimeSeries.F90.o
[ 74%] Linking Fortran shared library FDiffusion3D.so
[ 74%] Linking Fortran shared library FilterTimeSeries.so
[ 74%] Built target FDiffusion3D
[ 74%] Building Fortran object fem/src/modules/CMakeFiles/FindOptimum.dir/FindOptimum.F90.o
[ 74%] Built target FilterTimeSeries
[ 74%] Building Fortran object fem/src/modules/CMakeFiles/FlowSolve.dir/FlowSolve.F90.o
[ 74%] Linking Fortran shared library FindOptimum.so
[ 74%] Built target FindOptimum
[ 74%] Building Fortran object fem/src/modules/CMakeFiles/FluidicForce.dir/FluidicForce.F90.o
[ 74%] Linking Fortran shared library FacetShellSolve.so
[ 74%] Linking Fortran shared library FluidicForce.so
[ 74%] Built target FacetShellSolve
[ 74%] Building Fortran object fem/src/modules/CMakeFiles/FluxSolver.dir/FluxSolver.F90.o
[ 74%] Built target FluidicForce
[ 74%] Building Fortran object fem/src/modules/CMakeFiles/MagnetoDynamics.dir/MagnetoDynamics/Utils.F90.o
/home/acer/risc-v-hpc/ports/elmer/fem/src/modules/MagnetoDynamics/Utils.F90:641:24:

  639 |        CALL MPI_RECV( n,1,MPI_INTEGER,i,112,Solver % Matrix % Comm, status,ierr )
      |                      2  
  640 |        IF ( n>0 ) THEN
  641 |          CALL MPI_RECV( r_e,n,MPI_INTEGER,i,113,Solver % Matrix % Comm, status,ierr )
      |                        1
Warning: Rank mismatch between actual argument at (1) and actual argument at (2) (scalar and rank-1)
/home/acer/risc-v-hpc/ports/elmer/fem/src/modules/MagnetoDynamics/Utils.F90:655:24:

  639 |        CALL MPI_RECV( n,1,MPI_INTEGER,i,112,Solver % Matrix % Comm, status,ierr )
      |                      2  
......
  655 |          CALL MPI_RECV( r_e,n,MPI_INTEGER,i,115,Solver % Matrix % Comm, status,ierr )
      |                        1
Warning: Rank mismatch between actual argument at (1) and actual argument at (2) (scalar and rank-1)
/home/acer/risc-v-hpc/ports/elmer/fem/src/modules/MagnetoDynamics/Utils.F90:607:24:

  607 |          CALL MPI_RECV( r_e,n,MPI_INTEGER,i,111,Solver % Matrix % Comm, status,ierr )
      |                        1
......
  639 |        CALL MPI_RECV( n,1,MPI_INTEGER,i,112,Solver % Matrix % Comm, status,ierr )
      |                      2  
Warning: Rank mismatch between actual argument at (1) and actual argument at (2) (scalar and rank-1)
[ 74%] Linking Fortran shared library FluxSolver.so
[ 74%] Built target FluxSolver
[ 74%] Building Fortran object fem/src/modules/CMakeFiles/FreeSurfaceReduced.dir/FreeSurfaceReduced.F90.o
[ 74%] Building Fortran object fem/src/modules/CMakeFiles/MagnetoDynamics.dir/MagnetoDynamics/CalcFields.F90.o
[ 75%] Linking Fortran shared library FreeSurfaceReduced.so
[ 75%] Built target FreeSurfaceReduced
[ 75%] Building Fortran object fem/src/modules/CMakeFiles/FreeSurfaceSolver.dir/FreeSurfaceSolver.F90.o
[ 75%] Linking Fortran shared library ElasticSolve.so
[ 75%] Built target ElasticSolve
[ 75%] Building Fortran object fem/src/modules/CMakeFiles/GmshOutputReader.dir/GmshOutputReader.F90.o
[ 75%] Linking Fortran shared library FlowSolve.so
[ 75%] Linking Fortran shared library GmshOutputReader.so
[ 75%] Built target FlowSolve
[ 75%] Building Fortran object fem/src/modules/CMakeFiles/HarmonicSignals.dir/HarmonicSignals.F90.o
[ 75%] Built target GmshOutputReader
[ 75%] Building Fortran object fem/src/modules/CMakeFiles/HeatSolve.dir/HeatSolve.F90.o
[ 75%] Linking Fortran shared library FreeSurfaceSolver.so
[ 75%] Linking Fortran shared library HarmonicSignals.so
[ 75%] Built target FreeSurfaceSolver
[ 75%] Building Fortran object fem/src/modules/CMakeFiles/HeatSolveVec.dir/HeatSolveVec.F90.o
[ 75%] Built target HarmonicSignals
[ 75%] Building Fortran object fem/src/modules/CMakeFiles/HelmholtzBEM.dir/HelmholtzBEM.F90.o
[ 75%] Linking Fortran shared library HelmholtzBEM.so
[ 75%] Built target HelmholtzBEM
[ 75%] Building Fortran object fem/src/modules/CMakeFiles/HelmholtzProjection.dir/HelmholtzProjection.F90.o
[ 75%] Linking Fortran shared library HeatSolveVec.so
[ 75%] Linking Fortran shared library HelmholtzProjection.so
[ 75%] Built target HeatSolveVec
[ 75%] Building Fortran object fem/src/modules/CMakeFiles/HelmholtzSolve.dir/HelmholtzSolve.F90.o
[ 75%] Built target HelmholtzProjection
[ 75%] Building Fortran object fem/src/modules/CMakeFiles/IncompressibleNSVec.dir/IncompressibleNSVec.F90.o
[ 75%] Linking Fortran shared library HelmholtzSolve.so
[ 75%] Built target HelmholtzSolve
[ 75%] Building Fortran object fem/src/modules/CMakeFiles/Isosurface.dir/Isosurface.F90.o
[ 75%] Building Fortran object fem/src/modules/CMakeFiles/MagnetoDynamics.dir/MagnetoDynamics/JfixPotentialSolver.F90.o
[ 76%] Linking Fortran shared library Isosurface.so
[ 76%] Linking Fortran shared library HeatSolve.so
[ 76%] Built target Isosurface
[ 76%] Building Fortran object fem/src/modules/CMakeFiles/KESolver.dir/KESolver.F90.o
[ 76%] Built target HeatSolve
[ 76%] Building Fortran object fem/src/modules/CMakeFiles/MagnetoDynamics.dir/MagnetoDynamics/WhitneyAVHarmonicSolver.F90.o
[ 76%] Building Fortran object fem/src/modules/CMakeFiles/Komega.dir/Komega.F90.o
[ 76%] Linking Fortran shared library IncompressibleNSVec.so
[ 76%] Linking Fortran shared library Komega.so
[ 76%] Built target IncompressibleNSVec
[ 76%] Building Fortran object fem/src/modules/CMakeFiles/MagneticSolve.dir/MagneticSolve.F90.o
[ 76%] Built target Komega
[ 76%] Building Fortran object fem/src/modules/CMakeFiles/MagnetoDynamics2D.dir/MagnetoDynamics2D.F90.o
[ 76%] Linking Fortran shared library KESolver.so
[ 76%] Built target KESolver
[ 76%] Building Fortran object fem/src/modules/CMakeFiles/MarchingODESolver.dir/MarchingODESolver.F90.o
[ 77%] Linking Fortran shared library MagneticSolve.so
[ 77%] Built target MagneticSolve
[ 77%] Building Fortran object fem/src/modules/CMakeFiles/Mesh2MeshSolver.dir/Mesh2MeshSolver.F90.o
[ 77%] Linking Fortran shared library MarchingODESolver.so
[ 77%] Linking Fortran shared library Mesh2MeshSolver.so
[ 77%] Built target MarchingODESolver
[ 77%] Building Fortran object fem/src/modules/CMakeFiles/MeshChecksum.dir/MeshChecksum.F90.o
[ 77%] Built target Mesh2MeshSolver
[ 77%] Building Fortran object fem/src/modules/CMakeFiles/MagnetoDynamics.dir/MagnetoDynamics/WhitneyAVSolver.F90.o
[ 77%] Linking Fortran shared library MeshChecksum.so
[ 77%] Built target MeshChecksum
[ 78%] Building Fortran object fem/src/modules/CMakeFiles/MeshSolve.dir/MeshSolve.F90.o
[ 78%] Building Fortran object fem/src/modules/CMakeFiles/ModelMixedPoisson.dir/ModelMixedPoisson.F90.o
[ 78%] Linking Fortran shared library ModelMixedPoisson.so
[ 78%] Linking Fortran shared library MeshSolve.so
[ 78%] Built target ModelMixedPoisson
[ 78%] Building Fortran object fem/src/modules/CMakeFiles/ModelPDE.dir/ModelPDE.F90.o
[ 78%] Linking Fortran shared library ModelPDE.so
[ 78%] Built target MeshSolve
[ 78%] Building Fortran object fem/src/modules/CMakeFiles/MovingElstatSolver.dir/MovingElstatSolver.F90.o
[ 78%] Built target ModelPDE
[ 78%] Building Fortran object fem/src/modules/CMakeFiles/NonphysicalMeshSolve.dir/NonphysicalMeshSolve.F90.o
[ 78%] Linking Fortran shared library MagnetoDynamics2D.so
[ 78%] Built target MagnetoDynamics2D
[ 78%] Building Fortran object fem/src/modules/CMakeFiles/NormalSolver.dir/NormalSolver.F90.o
[ 78%] Linking Fortran shared library NonphysicalMeshSolve.so
[ 78%] Linking Fortran shared library NormalSolver.so
[ 78%] Built target NonphysicalMeshSolve
[ 79%] Building Fortran object fem/src/modules/CMakeFiles/OdeSolver.dir/OdeSolver.F90.o
[ 79%] Linking Fortran shared library MagnetoDynamics.so
[ 79%] Linking Fortran shared library OdeSolver.so
[ 79%] Built target NormalSolver
[ 79%] Building Fortran object fem/src/modules/CMakeFiles/OpenFoam2ElmerIO.dir/OpenFoam2ElmerIO.F90.o
[ 79%] Built target MagnetoDynamics
[ 79%] Building Fortran object fem/src/modules/CMakeFiles/ParStokes.dir/ParStokes.F90.o
[ 79%] Linking Fortran shared library MovingElstatSolver.so
[ 79%] Built target OdeSolver
[ 79%] Building Fortran object fem/src/modules/CMakeFiles/ParticleAdvector.dir/ParticleAdvector.F90.o
[ 79%] Built target MovingElstatSolver
[ 79%] Building Fortran object fem/src/modules/CMakeFiles/ParticleDynamics.dir/ParticleDynamics.F90.o
[ 79%] Linking Fortran shared library OpenFoam2ElmerIO.so
[ 79%] Built target OpenFoam2ElmerIO
[ 79%] Building Fortran object fem/src/modules/CMakeFiles/PartitionMesh.dir/PartitionMesh.F90.o
[ 79%] Linking Fortran shared library PartitionMesh.so
[ 79%] Linking Fortran shared library ParticleAdvector.so
[ 79%] Built target PartitionMesh
[ 79%] Building Fortran object fem/src/modules/CMakeFiles/PhaseChangeSolve.dir/PhaseChangeSolve.F90.o
[ 79%] Built target ParticleAdvector
[ 79%] Building Fortran object fem/src/modules/CMakeFiles/Poisson.dir/Poisson.F90.o
[ 79%] Linking Fortran shared library Poisson.so
[ 79%] Built target Poisson
[ 79%] Building Fortran object fem/src/modules/CMakeFiles/PoissonBEM.dir/PoissonBEM.F90.o
[ 80%] Linking Fortran shared library ParticleDynamics.so
[ 80%] Built target ParticleDynamics
[ 80%] Building Fortran object fem/src/modules/CMakeFiles/PoissonBoltzmannSolve.dir/PoissonBoltzmannSolve.F90.o
[ 80%] Linking Fortran shared library ParStokes.so
[ 80%] Built target ParStokes
[ 80%] Building Fortran object fem/src/modules/CMakeFiles/PoissonDG.dir/PoissonDG.F90.o
[ 80%] Linking Fortran shared library PoissonBEM.so
[ 80%] Linking Fortran shared library PhaseChangeSolve.so
[ 80%] Built target PoissonBEM
[ 80%] Building Fortran object fem/src/modules/CMakeFiles/PressurePrecond.dir/PressurePrecond.F90.o
[ 80%] Linking Fortran shared library PoissonDG.so
[ 80%] Built target PhaseChangeSolve
[ 80%] Building Fortran object fem/src/modules/CMakeFiles/PressureUpdate.dir/PressureUpdate.F90.o
[ 80%] Linking Fortran shared library PressurePrecond.so
[ 80%] Built target PoissonDG
[ 80%] Building Fortran object fem/src/modules/CMakeFiles/ProjectToPlane.dir/ProjectToPlane.F90.o
[ 80%] Built target PressurePrecond
[ 80%] Building Fortran object fem/src/modules/CMakeFiles/RateOfChange.dir/RateOfChange.F90.o
[ 80%] Linking Fortran shared library PoissonBoltzmannSolve.so
/home/acer/risc-v-hpc/ports/elmer/fem/src/modules/ProjectToPlane.F90:1568:28:

 1464 |       CALL MPI_ALLREDUCE( cm_int0,cm_int,PlaneNodes, &
      |                          2  
......
 1568 |         CALL MPI_ALLREDUCE( cm_values0, cm_values, Dofs*nn, &
      |                            1
Warning: Type mismatch between actual argument at (1) and actual argument at (2) (REAL(8)/INTEGER(4)).
/home/acer/risc-v-hpc/ports/elmer/fem/src/modules/ProjectToPlane.F90:1568:40:

 1464 |       CALL MPI_ALLREDUCE( cm_int0,cm_int,PlaneNodes, &
      |                                  2      
......
 1568 |         CALL MPI_ALLREDUCE( cm_values0, cm_values, Dofs*nn, &
      |                                        1
Warning: Type mismatch between actual argument at (1) and actual argument at (2) (REAL(8)/INTEGER(4)).
/home/acer/risc-v-hpc/ports/elmer/fem/src/modules/ProjectToPlane.F90:1351:21:

 1351 |       CALL MPI_RECV( cm_int, myNodes, MPI_INTEGER, pe, &
      |                     1
......
 1613 |           CALL MPI_RECV( ValueTable2D(l) % Values(j:k), peNodes, &
      |                         2
Warning: Type mismatch between actual argument at (1) and actual argument at (2) (INTEGER(4)/REAL(8)).
/home/acer/risc-v-hpc/ports/elmer/fem/src/modules/ProjectToPlane.F90:1325:22:

 1325 |       CALL MPI_BSEND( cm_int, peNodes, MPI_INTEGER, pe, &
      |                      1
......
 1621 |         CALL MPI_BSEND( ValueTable2D(l) % Values(j:k), myNodes, &
      |                        2
Warning: Type mismatch between actual argument at (1) and actual argument at (2) (INTEGER(4)/REAL(8)).
[ 80%] Linking Fortran shared library PressureUpdate.so
[ 80%] Built target PoissonBoltzmannSolve
[ 81%] Building Fortran object fem/src/modules/CMakeFiles/ReloadData.dir/ReloadData.F90.o
[ 81%] Linking Fortran shared library RateOfChange.so
[ 81%] Linking Fortran shared library ReloadData.so
[ 81%] Built target PressureUpdate
[ 81%] Building Fortran object fem/src/modules/CMakeFiles/ReloadInput.dir/ReloadInput.F90.o
[ 81%] Linking Fortran shared library ReloadInput.so
[ 81%] Built target RateOfChange
[ 81%] Building Fortran object fem/src/modules/CMakeFiles/ReynoldsSolver.dir/ReynoldsSolver.F90.o
[ 81%] Built target ReloadData
[ 81%] Building Fortran object fem/src/modules/CMakeFiles/RichardsSolver.dir/RichardsSolver.F90.o
[ 81%] Built target ReloadInput
[ 81%] Building Fortran object fem/src/modules/CMakeFiles/RigidBodyReduction.dir/RigidBodyReduction.F90.o
[ 82%] Linking Fortran shared library RichardsSolver.so
[ 82%] Linking Fortran shared library ProjectToPlane.so
[ 82%] Built target RichardsSolver
[ 82%] Building Fortran object fem/src/modules/CMakeFiles/RigidMeshMapper.dir/RigidMeshMapper.F90.o
[ 82%] Linking Fortran shared library ReynoldsSolver.so
[ 82%] Built target ProjectToPlane
[ 82%] Building Fortran object fem/src/modules/CMakeFiles/SSTKomega.dir/SSTKomega.F90.o
[ 82%] Built target ReynoldsSolver
[ 82%] Building Fortran object fem/src/modules/CMakeFiles/SaveGridData.dir/SaveGridData.F90.o
[ 82%] Linking Fortran shared library RigidBodyReduction.so
[ 82%] Linking Fortran shared library SSTKomega.so
[ 82%] Linking Fortran shared library SaveGridData.so
[ 82%] Linking Fortran shared library RigidMeshMapper.so
[ 82%] Built target RigidBodyReduction
[ 83%] Building Fortran object fem/src/modules/CMakeFiles/SaveMesh.dir/SaveMesh.F90.o
[ 83%] Built target SSTKomega
[ 83%] Building Fortran object fem/src/modules/CMakeFiles/ScalarPotentialSolver.dir/ScalarPotentialSolver.F90.o
[ 83%] Linking Fortran shared library SaveMesh.so
[ 83%] Built target SaveGridData
[ 83%] Building Fortran object fem/src/modules/CMakeFiles/ScannedFieldSolver.dir/ScannedFieldSolver.F90.o
[ 83%] Built target RigidMeshMapper
[ 83%] Building Fortran object fem/src/modules/CMakeFiles/ShallowWaterNS.dir/ShallowWaterNS.F90.o
[ 83%] Linking Fortran shared library ScalarPotentialSolver.so
[ 83%] Linking Fortran shared library ScannedFieldSolver.so
[ 83%] Built target SaveMesh
[ 83%] Building Fortran object fem/src/modules/CMakeFiles/ShearrateSolver.dir/ShearrateSolver.F90.o
[ 83%] Built target ScalarPotentialSolver
[ 83%] Linking Fortran shared library ShallowWaterNS.so
[ 83%] Building Fortran object fem/src/modules/CMakeFiles/ShellSolver.dir/ShellSolver.F90.o
[ 83%] Built target ScannedFieldSolver
[ 83%] Building Fortran object fem/src/modules/CMakeFiles/Smitc.dir/Smitc.F90.o
[ 84%] Linking Fortran shared library ShearrateSolver.so
[ 84%] Built target ShallowWaterNS
[ 84%] Building Fortran object fem/src/modules/CMakeFiles/Spalart-Allmaras.dir/Spalart-Allmaras.F90.o
[ 84%] Built target ShearrateSolver
[ 84%] Building Fortran object fem/src/modules/CMakeFiles/SpringAssembly.dir/SpringAssembly.F90.o
[ 84%] Linking Fortran shared library Spalart-Allmaras.so
[ 84%] Linking Fortran shared library SpringAssembly.so
[ 84%] Linking Fortran shared library Smitc.so
[ 84%] Built target Spalart-Allmaras
[ 85%] Building Fortran object fem/src/modules/CMakeFiles/StatCurrentSolve.dir/StatCurrentSolve.F90.o
[ 85%] Built target SpringAssembly
[ 85%] Building Fortran object fem/src/modules/CMakeFiles/StatCurrentSolveVec.dir/StatCurrentSolveVec.F90.o
[ 85%] Built target Smitc
[ 85%] Building Fortran object fem/src/modules/CMakeFiles/StatElecBoundary.dir/StatElecBoundary.F90.o
[ 85%] Linking Fortran shared library StatElecBoundary.so
[ 85%] Built target StatElecBoundary
[ 85%] Building Fortran object fem/src/modules/CMakeFiles/StatElecSolve.dir/StatElecSolve.F90.o
[ 85%] Linking Fortran shared library StatCurrentSolveVec.so
[ 85%] Linking Fortran shared library StatCurrentSolve.so
[ 85%] Built target StatCurrentSolveVec
[ 85%] Building Fortran object fem/src/modules/CMakeFiles/StatMagSolve.dir/StatMagSolve.F90.o
[ 85%] Built target StatCurrentSolve
[ 85%] Building Fortran object fem/src/modules/CMakeFiles/SteadyPhaseChange.dir/SteadyPhaseChange.F90.o
[ 85%] Linking Fortran shared library SteadyPhaseChange.so
[ 85%] Linking Fortran shared library StatMagSolve.so
[ 85%] Built target SteadyPhaseChange
[ 85%] Building Fortran object fem/src/modules/CMakeFiles/Stokes.dir/Stokes.F90.o
[ 85%] Built target StatMagSolve
[ 85%] Building Fortran object fem/src/modules/CMakeFiles/StreamSolver.dir/StreamSolver.F90.o
[ 85%] Linking Fortran shared library StreamSolver.so
[ 85%] Built target StreamSolver
[ 85%] Building Fortran object fem/src/modules/CMakeFiles/StressSolve.dir/StressSolve.F90.o
[ 85%] Linking Fortran shared library StatElecSolve.so
[ 85%] Built target StatElecSolve
[ 85%] Building Fortran object fem/src/modules/CMakeFiles/StructuredFlowLine.dir/StructuredFlowLine.F90.o
[ 85%] Linking Fortran shared library Stokes.so
[ 85%] Built target Stokes
[ 85%] Building Fortran object fem/src/modules/CMakeFiles/StructuredMeshMapper.dir/StructuredMeshMapper.F90.o
[ 85%] Linking Fortran shared library StructuredFlowLine.so
[ 85%] Built target StructuredFlowLine
[ 85%] Building Fortran object fem/src/modules/CMakeFiles/StructuredProjectToPlane.dir/StructuredProjectToPlane.F90.o
[ 85%] Linking Fortran shared library StructuredMeshMapper.so
[ 85%] Built target StructuredMeshMapper
[ 86%] Building Fortran object fem/src/modules/CMakeFiles/ThermoElectricSolver.dir/ThermoElectricSolver.F90.o
[ 86%] Linking Fortran shared library ThermoElectricSolver.so
[ 86%] Linking Fortran shared library StructuredProjectToPlane.so
[ 86%] Built target ThermoElectricSolver
[ 86%] Building Fortran object fem/src/modules/CMakeFiles/TransientCost.dir/TransientCost.F90.o
[ 86%] Built target StructuredProjectToPlane
[ 86%] Building Fortran object fem/src/modules/CMakeFiles/TransientPhaseChange.dir/TransientPhaseChange.F90.o
[ 86%] Linking Fortran shared library TransientCost.so
[ 86%] Built target TransientCost
[ 86%] Building Fortran object fem/src/modules/CMakeFiles/TransportEquation.dir/TransportEquation.F90.o
[ 86%] Linking Fortran shared library TransientPhaseChange.so
[ 86%] Linking Fortran shared library StressSolve.so
[ 86%] Built target TransientPhaseChange
[ 86%] Building Fortran object fem/src/modules/CMakeFiles/UMATLib.dir/UMATLib.F90.o
[ 86%] Built target StressSolve
[ 86%] Building Fortran object fem/src/modules/CMakeFiles/V2FSolver.dir/V2FSolver.F90.o
[ 86%] Linking Fortran shared library TransportEquation.so
[ 87%] Linking Fortran shared library UMATLib.so
[ 87%] Built target TransportEquation
[ 87%] Building Fortran object fem/src/modules/CMakeFiles/VectorHelmholtz.dir/VectorHelmholtz.F90.o
[ 87%] Built target UMATLib
[ 87%] Building Fortran object fem/src/modules/CMakeFiles/VelocityPrecond.dir/VelocityPrecond.F90.o
[ 87%] Linking Fortran shared library VelocityPrecond.so
[ 87%] Linking Fortran shared library V2FSolver.so
[ 87%] Built target VelocityPrecond
[ 87%] Building Fortran object fem/src/modules/CMakeFiles/ViscousCompressibility.dir/ViscousCompressibility.F90.o
[ 87%] Linking Fortran shared library ViscousCompressibility.so
[ 87%] Built target V2FSolver
[ 88%] Building Fortran object fem/src/modules/CMakeFiles/VorticitySolver.dir/VorticitySolver.F90.o
[ 88%] Linking Fortran shared library ShellSolver.so
[ 88%] Built target ViscousCompressibility
[ 88%] Building Fortran object fem/src/modules/CMakeFiles/WPotentialSolver.dir/WPotentialSolver.F90.o
[ 88%] Linking Fortran shared library VorticitySolver.so
[ 88%] Built target ShellSolver
[ 88%] Building Fortran object fem/src/modules/CMakeFiles/WaveSolver.dir/WaveSolver.F90.o
[ 88%] Linking Fortran shared library VectorHelmholtz.so
[ 88%] Built target VorticitySolver
[ 88%] Building Fortran object fem/src/modules/CMakeFiles/LevelSet.dir/LevelSet/LevelSetCurvature.F90.o
[ 88%] Linking Fortran shared library WPotentialSolver.so
[ 88%] Linking Fortran shared library WaveSolver.so
[ 88%] Built target VectorHelmholtz
[ 88%] Building Fortran object fem/src/modules/CMakeFiles/ResultOutputSolve.dir/ResultOutputSolve/DXOutputSolver.F90.o
[ 88%] Built target WPotentialSolver
[ 88%] Built target WaveSolver
[ 88%] Building Fortran object fem/src/modules/CMakeFiles/SaveData.dir/SaveData/SaveBoundaryValues.F90.o
[ 88%] Building Fortran object fem/tests/1dtests/CMakeFiles/1dtests_Poisson.dir/Poisson.f90.o
[ 88%] Building Fortran object fem/src/modules/CMakeFiles/LevelSet.dir/LevelSet/LevelSetDistance.F90.o
[ 88%] Linking Fortran shared module Poisson.so
[ 88%] Building Fortran object fem/src/modules/CMakeFiles/SaveData.dir/SaveData/SaveDependence.F90.o
[ 88%] Building Fortran object fem/src/modules/CMakeFiles/ResultOutputSolve.dir/ResultOutputSolve/VtkOutputSolver.F90.o
[ 88%] Built target 1dtests_Poisson
[ 88%] Building Fortran object fem/src/modules/CMakeFiles/SaveData.dir/SaveData/SaveLine.F90.o
[ 88%] Building Fortran object fem/tests/1dtests/CMakeFiles/1dtests_Source.dir/Source.f90.o
[ 88%] Linking Fortran shared module Source.so
[ 88%] Building Fortran object fem/src/modules/CMakeFiles/LevelSet.dir/LevelSet/LevelSetIntegrate.F90.o
[ 88%] Built target 1dtests_Source
[ 88%] Building Fortran object fem/src/modules/CMakeFiles/LevelSet.dir/LevelSet/LevelSetSolver.F90.o
[ 88%] Building Fortran object fem/src/modules/CMakeFiles/SaveData.dir/SaveData/SaveMaterials.F90.o
[ 88%] Building Fortran object fem/src/modules/CMakeFiles/ResultOutputSolve.dir/ResultOutputSolve/VtuOutputSolver.F90.o
[ 88%] Building Fortran object fem/src/modules/CMakeFiles/LevelSet.dir/LevelSet/LevelSetTimestep.F90.o
[ 88%] Building Fortran object fem/src/modules/CMakeFiles/ResultOutputSolve.dir/ResultOutputSolve/ElmerPostOutputSolver.F90.o
[ 88%] Linking Fortran shared library LevelSet.so
[ 88%] Built target LevelSet
[ 88%] Building Fortran object fem/tests/1sttime/CMakeFiles/1sttime_Source.dir/Source.f90.o
[ 88%] Linking Fortran shared module Source.so
[ 88%] Building Fortran object fem/src/modules/CMakeFiles/ResultOutputSolve.dir/ResultOutputSolve/GidOutputSolver.F90.o
[ 88%] Built target 1sttime_Source
[ 88%] Building Fortran object fem/tests/1sttime/CMakeFiles/1sttime_TimeIntegrate.dir/TimeIntegrate.f90.o
[ 88%] Linking Fortran shared module TimeIntegrate.so
[ 88%] Building Fortran object fem/src/modules/CMakeFiles/ResultOutputSolve.dir/ResultOutputSolve/GmshOutputSolver.F90.o
[ 88%] Built target 1sttime_TimeIntegrate
[ 88%] Building Fortran object fem/src/modules/CMakeFiles/ResultOutputSolve.dir/ResultOutputSolve/ResultOutputSolver.F90.o
[ 88%] Building Fortran object fem/src/modules/CMakeFiles/SaveData.dir/SaveData/SaveScalars.F90.o
[ 88%] Building Fortran object fem/tests/2ndtime/CMakeFiles/2ndtime_Source.dir/Source.f90.o
[ 88%] Building Fortran object fem/tests/2ndtime/CMakeFiles/2ndtime_TimeIntegrate.dir/TimeIntegrate.f90.o
[ 88%] Linking Fortran shared module Source.so
[ 88%] Linking Fortran shared module TimeIntegrate.so
[ 88%] Built target 2ndtime_Source
[ 89%] Building Fortran object fem/tests/AdvDiffFCT/CMakeFiles/AdvDiffFCT_InitDist.dir/InitDist.f90.o
[ 89%] Linking Fortran shared module InitDist.so
[ 89%] Built target 2ndtime_TimeIntegrate
[ 89%] Building Fortran object fem/tests/AdvReactDG_P/CMakeFiles/AdvReactDG_P_AdvReactDG_P.dir/AdvReactDG_P.F90.o
[ 89%] Linking Fortran shared library ResultOutputSolve.so
[ 89%] Built target AdvDiffFCT_InitDist
[ 89%] Building Fortran object fem/tests/ArteryOutlet/CMakeFiles/ArteryOutlet_Motion.dir/Motion.f90.o
[ 89%] Linking Fortran shared module Motion.so
[ 89%] Built target ResultOutputSolve
[ 89%] Building Fortran object fem/tests/BDM2D/CMakeFiles/BDM2D_Source.dir/Source.F90.o
[ 89%] Linking Fortran shared module Source.so
[ 89%] Built target ArteryOutlet_Motion
[ 89%] Building Fortran object fem/tests/BDM2D/CMakeFiles/BDM2D_ComputeError.dir/ComputeError.F90.o
[ 89%] Linking Fortran shared module AdvReactDG_P.so
[ 89%] Built target BDM2D_Source
[ 89%] Building Fortran object fem/tests/BDM3D/CMakeFiles/BDM3D_ComputeError.dir/ComputeError.F90.o
[ 89%] Linking Fortran shared module ComputeError.so
[ 89%] Linking Fortran shared module ComputeError.so
[ 89%] Built target AdvReactDG_P_AdvReactDG_P
[ 89%] Building Fortran object fem/tests/BDM3D/CMakeFiles/BDM3D_Source.dir/Source.F90.o
[ 89%] Built target BDM2D_ComputeError
[ 89%] Building Fortran object fem/tests/BlockLinElast1/CMakeFiles/BlockLinElast1_BlockLinElast.dir/BlockLinElast.f90.o
[ 89%] Linking Fortran shared module Source.so
[ 89%] Built target BDM3D_ComputeError
[ 89%] Building Fortran object fem/tests/BlockPoisson1/CMakeFiles/BlockPoisson1_PoissonAssembly.dir/PoissonAssembly.f90.o
[ 89%] Linking Fortran shared module BlockLinElast.so
[ 89%] Built target BDM3D_Source
[ 90%] Building Fortran object fem/tests/BlockPoisson2/CMakeFiles/BlockPoisson2_PoissonAssembly.dir/PoissonAssembly.f90.o
[ 90%] Linking Fortran shared module PoissonAssembly.so
[ 90%] Built target BlockLinElast1_BlockLinElast
[ 90%] Building Fortran object fem/tests/BlockPoisson3/CMakeFiles/BlockPoisson3_BlockPoissonAssembly.dir/BlockPoissonAssembly.f90.o
[ 90%] Linking Fortran shared module PoissonAssembly.so
[ 90%] Built target BlockPoisson1_PoissonAssembly
[ 90%] Building Fortran object fem/tests/Classical2DShell/CMakeFiles/Classical2DShell_BenchmarkShell.dir/BenchmarkShell.F90.o
[ 90%] Linking Fortran shared module BlockPoissonAssembly.so
[ 90%] Built target BlockPoisson2_PoissonAssembly
[ 90%] Building Fortran object fem/tests/CompressIdealGas2/CMakeFiles/CompressIdealGas2_DensityFun.dir/DensityFun.F90.o
[ 90%] Linking Fortran shared module BenchmarkShell.so
[ 90%] Linking Fortran shared module DensityFun.so
[ 90%] Built target BlockPoisson3_BlockPoissonAssembly
[ 90%] Building Fortran object fem/tests/CoupledPoisson1/CMakeFiles/CoupledPoisson1_PoissonAssembly.dir/PoissonAssembly.f90.o
[ 90%] Built target Classical2DShell_BenchmarkShell
[ 90%] Building Fortran object fem/tests/CoupledPoisson2/CMakeFiles/CoupledPoisson2_PoissonAssembly.dir/PoissonAssembly.f90.o
[ 90%] Built target CompressIdealGas2_DensityFun
[ 90%] Building Fortran object fem/tests/CoupledPoisson3/CMakeFiles/CoupledPoisson3_PoissonAssembly.dir/PoissonAssembly.f90.o
[ 90%] Linking Fortran shared module PoissonAssembly.so
[ 90%] Linking Fortran shared module PoissonAssembly.so
[ 90%] Built target CoupledPoisson1_PoissonAssembly
[ 90%] Building Fortran object fem/tests/CoupledPoisson4/CMakeFiles/CoupledPoisson4_PoissonAssembly.dir/PoissonAssembly.f90.o
[ 90%] Built target CoupledPoisson2_PoissonAssembly
[ 90%] Linking Fortran shared module PoissonAssembly.so
[ 91%] Building Fortran object fem/tests/CoupledPoisson5/CMakeFiles/CoupledPoisson5_PoissonAssembly.dir/PoissonAssembly.f90.o
[ 91%] Linking Fortran shared module PoissonAssembly.so
[ 91%] Linking Fortran shared library SaveData.so
[ 91%] Linking Fortran shared module PoissonAssembly.so
[ 91%] Built target CoupledPoisson3_PoissonAssembly
[ 91%] Building Fortran object fem/tests/CoupledPoisson6/CMakeFiles/CoupledPoisson6_PoissonAssembly.dir/PoissonAssembly.f90.o
[ 91%] Built target CoupledPoisson4_PoissonAssembly
[ 91%] Building Fortran object fem/tests/CoupledPoisson7/CMakeFiles/CoupledPoisson7_PoissonAssembly.dir/PoissonAssembly.f90.o
[ 91%] Built target SaveData
[ 91%] Building Fortran object fem/tests/CoupledPoisson8/CMakeFiles/CoupledPoisson8_PoissonAssembly.dir/PoissonAssembly.f90.o
[ 91%] Built target CoupledPoisson5_PoissonAssembly
[ 91%] Building Fortran object fem/tests/CoupledPoisson9/CMakeFiles/CoupledPoisson9_PoissonAssembly.dir/PoissonAssembly.f90.o
[ 91%] Linking Fortran shared module PoissonAssembly.so
[ 91%] Linking Fortran shared module PoissonAssembly.so
[ 91%] Linking Fortran shared module PoissonAssembly.so
[ 91%] Linking Fortran shared module PoissonAssembly.so
[ 91%] Built target CoupledPoisson6_PoissonAssembly
[ 91%] Building Fortran object fem/tests/CurvedBndryPFEM/CMakeFiles/CurvedBndryPFEM_Poisson.dir/Poisson.f90.o
[ 91%] Built target CoupledPoisson7_PoissonAssembly
[ 91%] Building Fortran object fem/tests/CurvedBndryPFEM2/CMakeFiles/CurvedBndryPFEM2_Poisson.dir/Poisson.f90.o
[ 91%] Built target CoupledPoisson8_PoissonAssembly
[ 91%] Built target CoupledPoisson9_PoissonAssembly
[ 91%] Building Fortran object fem/tests/EdgeElementInterpolation/CMakeFiles/EdgeElementInterpolation_EdgeElementSolve.dir/EdgeElementSolve.f90.o
[ 91%] Building Fortran object fem/tests/ExtrudedMesh/CMakeFiles/ExtrudedMesh_Poisson.dir/Poisson.f90.o
[ 92%] Linking Fortran shared module Poisson.so
[ 92%] Linking Fortran shared module Poisson.so
[ 92%] Built target CurvedBndryPFEM_Poisson
[ 92%] Linking Fortran shared module Poisson.so
[ 92%] Building Fortran object fem/tests/ExtrudedMeshBaseline1/CMakeFiles/ExtrudedMeshBaseline1_Poisson.dir/Poisson.f90.o
[ 92%] Built target CurvedBndryPFEM2_Poisson
[ 92%] Building Fortran object fem/tests/FaceElement2D_BCs/CMakeFiles/FaceElement2D_BCs_FaceFEInterpolationTest.dir/FaceFEInterpolationTest.F90.o
[ 92%] Linking Fortran shared module EdgeElementSolve.so
[ 92%] Built target ExtrudedMesh_Poisson
[ 92%] Building Fortran object fem/tests/FaceElement3D_BCs/CMakeFiles/FaceElement3D_BCs_FaceFEInterpolationTest.dir/FaceFEInterpolationTest.F90.o
[ 92%] Linking Fortran shared module FaceFEInterpolationTest.so
[ 92%] Linking Fortran shared module Poisson.so
[ 92%] Built target EdgeElementInterpolation_EdgeElementSolve
[ 92%] Building Fortran object fem/tests/H1BasisEvaluation/CMakeFiles/H1BasisEvaluation_H1BasisEvaluation.dir/H1BasisEvaluation.F90.o
[ 92%] Linking Fortran shared module FaceFEInterpolationTest.so
[ 92%] Built target FaceElement2D_BCs_FaceFEInterpolationTest
[ 93%] Building Fortran object fem/tests/HeatUnisoUDF/CMakeFiles/HeatUnisoUDF_HeatCondUniso.dir/HeatCondUniso.F90.o
[ 93%] Built target ExtrudedMeshBaseline1_Poisson
[ 93%] Building Fortran object fem/tests/HelmholtzEdge/CMakeFiles/HelmholtzEdge_Hrot.dir/Hrot.f90.o
[ 93%] Linking Fortran shared module HeatCondUniso.so
[ 93%] Built target FaceElement3D_BCs_FaceFEInterpolationTest
[ 93%] Building Fortran object fem/tests/HelmholtzFace/CMakeFiles/HelmholtzFace_Helmholtz.dir/Helmholtz.f90.o
[ 93%] Built target HeatUnisoUDF_HeatCondUniso
[ 93%] Building Fortran object fem/tests/KeywordHandleTimer/CMakeFiles/KeywordCompare_KeywordCompare.dir/KeywordCompare.F90.o
[ 93%] Linking Fortran shared module Hrot.so
[ 93%] Linking Fortran shared module KeywordCompare.so
[ 93%] Linking Fortran shared module Helmholtz.so
[ 93%] Built target KeywordCompare_KeywordCompare
[ 93%] Built target HelmholtzEdge_Hrot
[ 93%] Building Fortran object fem/tests/KeywordHandleTimer2/CMakeFiles/KeywordCompareReal_KeywordCompareReal.dir/KeywordCompareReal.F90.o
[ 93%] Building Fortran object fem/tests/KeywordHandleTimer2/CMakeFiles/RealFunctionTests_RealFunctionTests.dir/RealFunctionTests.F90.o
[ 93%] Linking Fortran shared module KeywordCompareReal.so
[ 93%] Linking Fortran shared module RealFunctionTests.so
[ 93%] Built target HelmholtzFace_Helmholtz
[ 93%] Building Fortran object fem/tests/KeywordHandleTimer3/CMakeFiles/KeywordCompareRealVec_KeywordCompareRealVec.dir/KeywordCompareRealVec.F90.o
[ 93%] Built target KeywordCompareReal_KeywordCompareReal
[ 93%] Linking Fortran shared module KeywordCompareRealVec.so
[ 93%] Building Fortran object fem/tests/KeywordHandleTimer3/CMakeFiles/RealVecFunctionTests_RealVecFunctionTests.dir/RealVecFunctionTests.F90.o
[ 93%] Built target RealFunctionTests_RealFunctionTests
[ 93%] Building Fortran object fem/tests/KeywordHandleTimer4/CMakeFiles/KeywordCompareBC_KeywordCompareBC.dir/KeywordCompareBC.F90.o
[ 93%] Linking Fortran shared module RealVecFunctionTests.so
[ 93%] Linking Fortran shared module KeywordCompareBC.so
[ 93%] Linking Fortran shared module H1BasisEvaluation.so
[ 93%] Built target KeywordCompareRealVec_KeywordCompareRealVec
[ 93%] Building Fortran object fem/tests/KeywordHandleTimer5/CMakeFiles/KeywordCompareTensor_KeywordCompareTensor.dir/KeywordCompareTensor.F90.o
[ 93%] Built target KeywordCompareBC_KeywordCompareBC
[ 93%] Built target RealVecFunctionTests_RealVecFunctionTests
[ 94%] Building Fortran object fem/tests/L2norm/CMakeFiles/L2norm_Difference.dir/Difference.f90.o
[ 94%] Building Fortran object fem/tests/LevelsetFallingDrop/CMakeFiles/LevelsetFallingDrop_DropStuff.dir/DropStuff.F90.o
[ 94%] Linking Fortran shared module KeywordCompareTensor.so
[ 94%] Built target H1BasisEvaluation_H1BasisEvaluation
[ 94%] Building Fortran object fem/tests/LimitDisplacement2/CMakeFiles/LimitDisplacement2_ContactBC.dir/ContactBC.f90.o
[ 94%] Linking Fortran shared module Difference.so
[ 94%] Linking Fortran shared module ContactBC.so
[ 94%] Linking Fortran shared module DropStuff.so
[ 94%] Built target KeywordCompareTensor_KeywordCompareTensor
[ 94%] Building Fortran object fem/tests/LinearFormsAssembly/CMakeFiles/LinearFormsAssembly_LinearFormsAssembly.dir/LinearFormsAssembly.F90.o
[ 94%] Built target L2norm_Difference
[ 94%] Building Fortran object fem/tests/MeshColour/CMakeFiles/MeshColour_MeshColour.dir/MeshColour.F90.o
[ 94%] Built target LevelsetFallingDrop_DropStuff
[ 94%] Built target LimitDisplacement2_ContactBC
[ 94%] Building Fortran object fem/tests/MeshSolverCubeToSphere/CMakeFiles/SphereDistance_SphereDistance.dir/SphereDistance.F90.o
[ 94%] Building Fortran object fem/tests/MixedPoisson2D/CMakeFiles/MixedPoisson2D_Source.dir/Source.F90.o
[ 94%] Linking Fortran shared module SphereDistance.so
[ 94%] Linking Fortran shared module Source.so
[ 94%] Linking Fortran shared module MeshColour.so
[ 94%] Built target MixedPoisson2D_Source
[ 94%] Built target SphereDistance_SphereDistance
[ 94%] Building Fortran object fem/tests/MixedPoisson3D/CMakeFiles/MixedPoisson3D_Source.dir/Source.F90.o
[ 94%] Building Fortran object fem/tests/ModelPDEevol/CMakeFiles/ModelPDEevol_ModelPDEevol.dir/ModelPDEevol.F90.o
[ 94%] Linking Fortran shared module Source.so
[ 94%] Linking Fortran shared module LinearFormsAssembly.so
[ 94%] Built target MeshColour_MeshColour
[ 94%] Building Fortran object fem/tests/ModelPDEhandle/CMakeFiles/ModelPDEhandle_ModelPDEhandle.dir/ModelPDEhandle.F90.o
[ 94%] Built target MixedPoisson3D_Source
[ 94%] Linking Fortran shared module ModelPDEevol.so
[ 94%] Building Fortran object fem/tests/ModelPDEipadapt/CMakeFiles/ModelPDEipadapt_ModelPDEhandle.dir/ModelPDEhandle.F90.o
[ 94%] Built target LinearFormsAssembly_LinearFormsAssembly
[ 94%] Building Fortran object fem/tests/ModelPDEipadapt/CMakeFiles/ModelPDEipadapt_Capacity.dir/Capacity.F90.o
[ 95%] Linking Fortran shared module Capacity.so
[ 95%] Built target ModelPDEevol_ModelPDEevol
[ 95%] Building Fortran object fem/tests/ModelPDEsplitted/CMakeFiles/ModelPDEsplitted_ModelPDEsplitted.dir/ModelPDEsplitted.f90.o
[ 95%] Linking Fortran shared module ModelPDEhandle.so
[ 95%] Built target ModelPDEipadapt_Capacity
[ 95%] Building Fortran object fem/tests/ModelPDEthreaded/CMakeFiles/ModelPDEthreaded_ModelPDEthreaded.dir/ModelPDEthreaded.F90.o
[ 95%] Linking Fortran shared module ModelPDEhandle.so
[ 95%] Built target ModelPDEhandle_ModelPDEhandle
[ 95%] Building Fortran object fem/tests/NormalTangentialDisplacement/CMakeFiles/NormalTangentialDisplacement_TangentForce.dir/TangentForce.f90.o
[ 95%] Linking Fortran shared module ModelPDEsplitted.so
[ 95%] Linking Fortran shared module TangentForce.so
[ 95%] Built target ModelPDEipadapt_ModelPDEhandle
[ 95%] Building Fortran object fem/tests/OptimizeSimplexFourHeaters/CMakeFiles/OptimizeSimplexFourHeaters_CostFunction.dir/CostFunction.f90.o
[ 95%] Linking Fortran shared module ModelPDEthreaded.so
[ 95%] Linking Fortran shared module CostFunction.so
[ 95%] Built target ModelPDEsplitted_ModelPDEsplitted
[ 95%] Building Fortran object fem/tests/OptimizeSimplexFourHeatersInt/CMakeFiles/OptimizeSimplexFourHeatersInt_CostFunction.dir/CostFunction.f90.o
[ 95%] Built target NormalTangentialDisplacement_TangentForce
[ 95%] Building Fortran object fem/tests/ParticleAdvectorZalesak/CMakeFiles/ParticleAdvectorZalesak_Zalesak.dir/Zalesak.f90.o
[ 95%] Built target ModelPDEthreaded_ModelPDEthreaded
[ 95%] Linking Fortran shared module CostFunction.so
[ 95%] Building Fortran object fem/tests/ParticleFallingBlock/CMakeFiles/ParticleFallingBlock_CalculateFraction.dir/CalculateFraction.F90.o
[ 95%] Built target OptimizeSimplexFourHeaters_CostFunction
[ 96%] Building Fortran object fem/tests/PoissonPFEM/CMakeFiles/PoissonPFEM_Poisson.dir/Poisson.f90.o
[ 96%] Linking Fortran shared module Zalesak.so
[ 96%] Linking Fortran shared module CalculateFraction.so
[ 96%] Built target OptimizeSimplexFourHeatersInt_CostFunction
[ 96%] Building Fortran object fem/tests/PoissonThreaded/CMakeFiles/PoissonThreaded_Poisson.dir/Poisson.F90.o
[ 96%] Built target ParticleAdvectorZalesak_Zalesak
[ 96%] Building Fortran object fem/tests/PoissonThreaded2/CMakeFiles/PoissonThreaded2_Poisson.dir/Poisson.F90.o
[ 96%] Built target ParticleFallingBlock_CalculateFraction
[ 96%] Building Fortran object fem/tests/PoissonThreaded3/CMakeFiles/PoissonThreaded3_Poisson.dir/Poisson.F90.o
[ 96%] Linking Fortran shared module Poisson.so
[ 96%] Linking Fortran shared module Poisson.so
[ 96%] Linking Fortran shared module Poisson.so
[ 96%] Linking Fortran shared module Poisson.so
[ 96%] Built target PoissonPFEM_Poisson
[ 96%] Building Fortran object fem/tests/Q1Q0/CMakeFiles/Q1Q0_Q1Q0.dir/Q1Q0.f90.o
[ 96%] Built target PoissonThreaded_Poisson
[ 96%] Building Fortran object fem/tests/RaviartThomas2D/CMakeFiles/RaviartThomas2D_Source.dir/Source.F90.o
[ 96%] Built target PoissonThreaded2_Poisson
[ 96%] Building Fortran object fem/tests/RaviartThomas2D/CMakeFiles/RaviartThomas2D_ComputeError.dir/ComputeError.F90.o
[ 96%] Built target PoissonThreaded3_Poisson
[ 96%] Linking Fortran shared module Source.so
[ 96%] Building Fortran object fem/tests/RaviartThomas3D/CMakeFiles/RaviartThomas3D_ComputeError.dir/ComputeError.F90.o
[ 96%] Linking Fortran shared module ComputeError.so
[ 96%] Linking Fortran shared module ComputeError.so
[ 96%] Built target RaviartThomas2D_Source
[ 96%] Building Fortran object fem/tests/RaviartThomas3D/CMakeFiles/RaviartThomas3D_Source.dir/Source.F90.o
[ 96%] Linking Fortran shared module Source.so
[ 96%] Built target RaviartThomas2D_ComputeError
[ 96%] Building Fortran object fem/tests/SecondOrderEdgeElement2D/CMakeFiles/SecondOrderEdgeElement2D_EdgeElementTest.dir/EdgeElementTest.F90.o
[ 97%] Linking Fortran shared module Q1Q0.so
[ 97%] Built target RaviartThomas3D_ComputeError
[ 97%] Building Fortran object fem/tests/SecondOrderEdgeElement2D_BCs/CMakeFiles/SecondOrderEdgeElement2D_BCs_EdgeFEInterpolationTest.dir/EdgeFEInterpolationTest.F90.o
[ 97%] Built target RaviartThomas3D_Source
[ 97%] Building Fortran object fem/tests/SecondOrderEdgeElement3D/CMakeFiles/SecondOrderEdgeElement3D_EdgeElementTest.dir/EdgeElementTest.F90.o
[ 97%] Built target Q1Q0_Q1Q0
[ 97%] Building Fortran object fem/tests/Shell_With_NormalSolver/CMakeFiles/Shell_With_NormalSolver_CylinderNormalSolver.dir/CylinderNormalSolver.F90.o
[ 97%] Linking Fortran shared module EdgeFEInterpolationTest.so
[ 97%] Linking Fortran shared module EdgeElementTest.so
[ 97%] Linking Fortran shared module EdgeElementTest.so
[ 97%] Linking Fortran shared module CylinderNormalSolver.so
[ 97%] Built target SecondOrderEdgeElement2D_BCs_EdgeFEInterpolationTest
[ 97%] Building Fortran object fem/tests/SlaveSolverSlots/CMakeFiles/CountSolver_CountSolver.dir/CountSolver.F90.o
[ 97%] Linking Fortran shared module CountSolver.so
[ 97%] Built target SecondOrderEdgeElement2D_EdgeElementTest
[ 97%] Building Fortran object fem/tests/SlaveSolverSlotsScan/CMakeFiles/CountSolver2_CountSolver2.dir/CountSolver2.F90.o
[ 97%] Built target SecondOrderEdgeElement3D_EdgeElementTest
[ 97%] Building Fortran object fem/tests/StokesPFEM/CMakeFiles/StokesPFEM_Stokes1.dir/Stokes.f90.o
[ 97%] Linking Fortran shared module CountSolver2.so
[ 97%] Built target Shell_With_NormalSolver_CylinderNormalSolver
[ 97%] Building Fortran object fem/tests/StokesProj/CMakeFiles/StokesProj_Velocity.dir/Velocity.f90.o
[ 97%] Built target CountSolver_CountSolver
[ 97%] Building Fortran object fem/tests/StokesProj/CMakeFiles/StokesProj_Pressure.dir/Pressure.f90.o
[ 97%] Built target CountSolver2_CountSolver2
[ 97%] Building Fortran object fem/tests/TimeProfileBC/CMakeFiles/TimeProfileBC_TimeProfile.dir/TimeProfile.F90.o
[ 97%] Linking Fortran shared module TimeProfile.so
[ 97%] Linking Fortran shared module Pressure.so
[ 98%] Linking Fortran shared module Stokes1.so
[ 98%] Linking Fortran shared module Velocity.so
[ 98%] Built target TimeProfileBC_TimeProfile
[ 98%] Building Fortran object fem/tests/TravellingHeater/CMakeFiles/TravellingHeater_HeatSource.dir/HeatSource.F90.o
[ 98%] Built target StokesProj_Pressure
[ 98%] Building Fortran object fem/tests/TravellingHeater2/CMakeFiles/TravellingHeater2_HeatSource.dir/HeatSource.F90.o
[ 98%] Built target StokesPFEM_Stokes1
[ 98%] Building Fortran object fem/tests/UMAT_StVenant_2D/CMakeFiles/UMAT_StVenant_2D_MyUMAT.dir/MyUMAT.F90.o
[ 98%] Linking Fortran shared module HeatSource.so
[ 98%] Built target StokesProj_Velocity
[ 98%] Building Fortran object fem/tests/UMAT_StVenant_axials/CMakeFiles/UMAT_StVenant_axials_LocalUMAT.dir/LocalUMAT.F90.o
[ 98%] Linking Fortran shared module HeatSource.so
[ 98%] Linking Fortran shared module MyUMAT.so
[ 98%] Built target TravellingHeater_HeatSource
[ 98%] Building Fortran object fem/tests/Zirka/CMakeFiles/udfs_udfs.dir/udfs.F90.o
[ 98%] Built target UMAT_StVenant_2D_MyUMAT
[ 98%] Built target TravellingHeater2_HeatSource
[ 98%] Building Fortran object fem/tests/Zirka/CMakeFiles/ZirkaTest_ZirkaTest.dir/ZirkaTest.F90.o
[ 98%] Building Fortran object fem/tests/bentonite/CMakeFiles/bentonite_BentoniteSolver.dir/BentoniteSolver.F90.o
[ 98%] Linking Fortran shared module udfs.so
[ 98%] Linking Fortran shared module LocalUMAT.so
[ 98%] Built target udfs_udfs
[ 99%] Building Fortran object fem/tests/bodydir2/CMakeFiles/bodydir2_Blowers.dir/Blowers.f90.o
[ 99%] Linking Fortran shared module BentoniteSolver.so
[ 99%] Built target UMAT_StVenant_axials_LocalUMAT
[ 99%] Linking Fortran shared module ZirkaTest.so
[ 99%] Building Fortran object fem/tests/fsi_beam/CMakeFiles/fsi_beam_FsiStuff.dir/FsiStuff.f90.o
[ 99%] Linking Fortran shared module FsiStuff.so
[ 99%] Built target bentonite_BentoniteSolver
[ 99%] Linking Fortran shared module Blowers.so
[ 99%] Building Fortran object fem/tests/fsi_beam_nodalforce/CMakeFiles/fsi_beam_nodalforce_FsiStuff.dir/FsiStuff.f90.o
[ 99%] Built target ZirkaTest_ZirkaTest
[ 99%] Building Fortran object fem/tests/fsi_beam_optimize/CMakeFiles/fsi_beam_optimize_WallProfiles.dir/WallProfiles.f90.o
[ 99%] Built target fsi_beam_FsiStuff
[ 99%] Linking Fortran shared module FsiStuff.so
[ 99%] Building Fortran object fem/tests/levelset1/CMakeFiles/levelset1_InitSquare.dir/InitSquare.f90.o
[ 99%] Linking Fortran shared module InitSquare.so
[ 99%] Built target bodydir2_Blowers
[ 99%] Building Fortran object fem/tests/levelset2/CMakeFiles/levelset2_MyStuff.dir/MyStuff.f90.o
[ 99%] Built target fsi_beam_nodalforce_FsiStuff
[ 99%] Building Fortran object fem/tests/mgdyn_anisotropic_cond/CMakeFiles/mgdyn_anisotropic_cond_currents.dir/currents.f90.o
[ 99%] Linking Fortran shared module MyStuff.so
[ 99%] Built target levelset1_InitSquare
[ 99%] Building Fortran object fem/tests/mgdyn_anisotropic_rel/CMakeFiles/mgdyn_anisotropic_rel_reluctivity.dir/reluctivity.F90.o
[ 99%] Linking Fortran shared module reluctivity.so
[ 99%] Linking Fortran shared module currents.so
[ 99%] Linking Fortran shared module WallProfiles.so
[ 99%] Built target levelset2_MyStuff
[ 99%] Building Fortran object fem/tests/mgdyn_lamstack_lowfreq_transient/CMakeFiles/mgdyn_lamstack_lowfreq_transient_currents.dir/currents.f90.o
[ 99%] Built target mgdyn_anisotropic_rel_reluctivity
[ 99%] Building Fortran object fem/tests/mhd/CMakeFiles/mhd_exmag.dir/exmag.f90.o
[ 99%] Linking Fortran shared module exmag.so
[ 99%] Built target mgdyn_anisotropic_cond_currents
[100%] Building Fortran object fem/tests/p-FEM_with_varying_p/CMakeFiles/p-FEM_with_varying_p_BenchmarkShell.dir/BenchmarkShell.F90.o
[100%] Built target fsi_beam_optimize_WallProfiles
[100%] Building Fortran object fem/tests/pmultg/CMakeFiles/pmultg_Poisson.dir/Poisson.f90.o
[100%] Linking Fortran shared module currents.so
[100%] Linking Fortran shared module BenchmarkShell.so
[100%] Built target mhd_exmag
[100%] Building Fortran object fem/tests/tresca/CMakeFiles/tresca_Tresca.dir/Tresca.f90.o
[100%] Linking Fortran shared module Tresca.so
[100%] Built target mgdyn_lamstack_lowfreq_transient_currents
[100%] Building Fortran object fem/src/modules/CMakeFiles/EliminatePeriodic.dir/EliminatePeriodic.F90.o
[100%] Linking Fortran shared module Poisson.so
[100%] Built target p-FEM_with_varying_p_BenchmarkShell
[100%] Building Fortran object fem/src/modules/CMakeFiles/FourierLoss.dir/FourierLoss.F90.o
[100%] Built target tresca_Tresca
[100%] Built target pmultg_Poisson
[100%] Linking Fortran shared library EliminatePeriodic.so
[100%] Built target EliminatePeriodic
[100%] Linking Fortran shared library FourierLoss.so
[100%] Built target FourierLoss
